"PERIODE";"IAS_lissé"
2009-01-01;NA
2009-01-02;NA
2009-01-03;NA
2009-01-04;NA
2009-01-05;NA
2009-01-06;NA
2009-01-07;NA
2009-01-08;NA
2009-01-09;NA
2009-01-10;NA
2009-01-11;NA
2009-01-12;NA
2009-01-13;NA
2009-01-14;NA
2009-01-15;NA
2009-01-16;NA
2009-01-17;NA
2009-01-18;NA
2009-01-19;NA
2009-01-20;NA
2009-01-21;NA
2009-01-22;NA
2009-01-23;NA
2009-01-24;NA
2009-01-25;NA
2009-01-26;NA
2009-01-27;NA
2009-01-28;NA
2009-01-29;NA
2009-01-30;NA
2009-01-31;NA
2009-02-01;NA
2009-02-02;NA
2009-02-03;NA
2009-02-04;NA
2009-02-05;NA
2009-02-06;NA
2009-02-07;NA
2009-02-08;NA
2009-02-09;NA
2009-02-10;NA
2009-02-11;NA
2009-02-12;NA
2009-02-13;NA
2009-02-14;NA
2009-02-15;NA
2009-02-16;NA
2009-02-17;NA
2009-02-18;NA
2009-02-19;NA
2009-02-20;NA
2009-02-21;NA
2009-02-22;NA
2009-02-23;NA
2009-02-24;NA
2009-02-25;NA
2009-02-26;NA
2009-02-27;NA
2009-02-28;NA
2009-03-01;NA
2009-03-02;NA
2009-03-03;NA
2009-03-04;NA
2009-03-05;NA
2009-03-06;NA
2009-03-07;NA
2009-03-08;NA
2009-03-09;NA
2009-03-10;NA
2009-03-11;NA
2009-03-12;NA
2009-03-13;NA
2009-03-14;NA
2009-03-15;NA
2009-03-16;NA
2009-03-17;NA
2009-03-18;NA
2009-03-19;NA
2009-03-20;NA
2009-03-21;NA
2009-03-22;NA
2009-03-23;NA
2009-03-24;NA
2009-03-25;NA
2009-03-26;NA
2009-03-27;NA
2009-03-28;NA
2009-03-29;NA
2009-03-30;NA
2009-03-31;NA
2009-04-01;NA
2009-04-02;NA
2009-04-03;NA
2009-04-04;NA
2009-04-05;NA
2009-04-06;NA
2009-04-07;NA
2009-04-08;NA
2009-04-09;NA
2009-04-10;NA
2009-04-11;NA
2009-04-12;NA
2009-04-13;NA
2009-04-14;NA
2009-04-15;NA
2009-04-16;NA
2009-04-17;NA
2009-04-18;NA
2009-04-19;NA
2009-04-20;NA
2009-04-21;NA
2009-04-22;NA
2009-04-23;NA
2009-04-24;NA
2009-04-25;NA
2009-04-26;NA
2009-04-27;NA
2009-04-28;NA
2009-04-29;NA
2009-04-30;NA
2009-05-01;NA
2009-05-02;NA
2009-05-03;NA
2009-05-04;NA
2009-05-05;NA
2009-05-06;NA
2009-05-07;NA
2009-05-08;NA
2009-05-09;NA
2009-05-10;NA
2009-05-11;NA
2009-05-12;NA
2009-05-13;NA
2009-05-14;NA
2009-05-15;NA
2009-05-16;NA
2009-05-17;NA
2009-05-18;NA
2009-05-19;NA
2009-05-20;NA
2009-05-21;NA
2009-05-22;NA
2009-05-23;NA
2009-05-24;NA
2009-05-25;NA
2009-05-26;NA
2009-05-27;NA
2009-05-28;NA
2009-05-29;NA
2009-05-30;NA
2009-05-31;NA
2009-06-01;NA
2009-06-02;NA
2009-06-03;NA
2009-06-04;NA
2009-06-05;NA
2009-06-06;NA
2009-06-07;NA
2009-06-08;NA
2009-06-09;NA
2009-06-10;NA
2009-06-11;NA
2009-06-12;NA
2009-06-13;NA
2009-06-14;NA
2009-06-15;NA
2009-06-16;NA
2009-06-17;NA
2009-06-18;NA
2009-06-19;NA
2009-06-20;NA
2009-06-21;NA
2009-06-22;NA
2009-06-23;NA
2009-06-24;NA
2009-06-25;NA
2009-06-26;NA
2009-06-27;NA
2009-06-28;NA
2009-06-29;NA
2009-06-30;NA
2009-07-01;NA
2009-07-02;NA
2009-07-03;NA
2009-07-04;NA
2009-07-05;NA
2009-07-06;NA
2009-07-07;NA
2009-07-08;NA
2009-07-09;NA
2009-07-10;NA
2009-07-11;NA
2009-07-12;NA
2009-07-13;NA
2009-07-14;NA
2009-07-15;NA
2009-07-16;NA
2009-07-17;NA
2009-07-18;NA
2009-07-19;NA
2009-07-20;NA
2009-07-21;NA
2009-07-22;NA
2009-07-23;NA
2009-07-24;NA
2009-07-25;NA
2009-07-26;NA
2009-07-27;NA
2009-07-28;NA
2009-07-29;NA
2009-07-30;NA
2009-07-31;NA
2009-08-01;NA
2009-08-02;NA
2009-08-03;NA
2009-08-04;NA
2009-08-05;NA
2009-08-06;NA
2009-08-07;NA
2009-08-08;NA
2009-08-09;NA
2009-08-10;NA
2009-08-11;NA
2009-08-12;NA
2009-08-13;NA
2009-08-14;NA
2009-08-15;NA
2009-08-16;NA
2009-08-17;NA
2009-08-18;NA
2009-08-19;NA
2009-08-20;NA
2009-08-21;NA
2009-08-22;NA
2009-08-23;NA
2009-08-24;NA
2009-08-25;NA
2009-08-26;NA
2009-08-27;NA
2009-08-28;NA
2009-08-29;NA
2009-08-30;NA
2009-08-31;NA
2009-09-01;NA
2009-09-02;NA
2009-09-03;NA
2009-09-04;NA
2009-09-05;NA
2009-09-06;NA
2009-09-07;NA
2009-09-08;NA
2009-09-09;NA
2009-09-10;NA
2009-09-11;NA
2009-09-12;NA
2009-09-13;NA
2009-09-14;NA
2009-09-15;NA
2009-09-16;NA
2009-09-17;NA
2009-09-18;NA
2009-09-19;NA
2009-09-20;NA
2009-09-21;NA
2009-09-22;NA
2009-09-23;NA
2009-09-24;NA
2009-09-25;NA
2009-09-26;NA
2009-09-27;NA
2009-09-28;NA
2009-09-29;NA
2009-09-30;NA
2009-10-01;NA
2009-10-02;NA
2009-10-03;NA
2009-10-04;NA
2009-10-05;NA
2009-10-06;NA
2009-10-07;NA
2009-10-08;NA
2009-10-09;NA
2009-10-10;NA
2009-10-11;NA
2009-10-12;NA
2009-10-13;NA
2009-10-14;NA
2009-10-15;NA
2009-10-16;NA
2009-10-17;NA
2009-10-18;NA
2009-10-19;NA
2009-10-20;NA
2009-10-21;NA
2009-10-22;NA
2009-10-23;NA
2009-10-24;NA
2009-10-25;NA
2009-10-26;NA
2009-10-27;NA
2009-10-28;NA
2009-10-29;NA
2009-10-30;NA
2009-10-31;NA
2009-11-01;NA
2009-11-02;NA
2009-11-03;NA
2009-11-04;NA
2009-11-05;NA
2009-11-06;NA
2009-11-07;NA
2009-11-08;NA
2009-11-09;NA
2009-11-10;NA
2009-11-11;NA
2009-11-12;NA
2009-11-13;NA
2009-11-14;NA
2009-11-15;NA
2009-11-16;NA
2009-11-17;NA
2009-11-18;NA
2009-11-19;NA
2009-11-20;NA
2009-11-21;NA
2009-11-22;NA
2009-11-23;NA
2009-11-24;NA
2009-11-25;NA
2009-11-26;NA
2009-11-27;NA
2009-11-28;NA
2009-11-29;NA
2009-11-30;NA
2009-12-01;NA
2009-12-02;NA
2009-12-03;NA
2009-12-04;NA
2009-12-05;NA
2009-12-06;NA
2009-12-07;NA
2009-12-08;NA
2009-12-09;NA
2009-12-10;NA
2009-12-11;NA
2009-12-12;NA
2009-12-13;NA
2009-12-14;NA
2009-12-15;NA
2009-12-16;NA
2009-12-17;NA
2009-12-18;NA
2009-12-19;NA
2009-12-20;NA
2009-12-21;NA
2009-12-22;NA
2009-12-23;NA
2009-12-24;NA
2009-12-25;NA
2009-12-26;NA
2009-12-27;NA
2009-12-28;NA
2009-12-29;NA
2009-12-30;NA
2009-12-31;NA
2010-01-01;93
2010-01-02;92,1
2010-01-03;91,2
2010-01-04;90,5
2010-01-05;90,2
2010-01-06;90
2010-01-07;89,8
2010-01-08;89,5
2010-01-09;89,1
2010-01-10;88,9
2010-01-11;88,8
2010-01-12;88,9
2010-01-13;89,3
2010-01-14;89,6
2010-01-15;90
2010-01-16;90,4
2010-01-17;90,9
2010-01-18;91,5
2010-01-19;92
2010-01-20;92,5
2010-01-21;93,1
2010-01-22;93,7
2010-01-23;94,1
2010-01-24;94,3
2010-01-25;94,5
2010-01-26;94,6
2010-01-27;94,8
2010-01-28;94,8
2010-01-29;94,9
2010-01-30;94,7
2010-01-31;94,6
2010-02-01;94,5
2010-02-02;94,5
2010-02-03;94,6
2010-02-04;94,8
2010-02-05;94,7
2010-02-06;94,5
2010-02-07;94,3
2010-02-08;94,2
2010-02-09;94,2
2010-02-10;94,2
2010-02-11;94
2010-02-12;93,8
2010-02-13;93,6
2010-02-14;93,3
2010-02-15;93,3
2010-02-16;93,3
2010-02-17;93,5
2010-02-18;93,3
2010-02-19;93
2010-02-20;92,5
2010-02-21;92
2010-02-22;91,4
2010-02-23;91,2
2010-02-24;90,9
2010-02-25;90,7
2010-02-26;90,6
2010-02-27;90,5
2010-02-28;90,5
2010-03-01;90,7
2010-03-02;91,2
2010-03-03;91,9
2010-03-04;92,6
2010-03-05;93,2
2010-03-06;93,7
2010-03-07;94,3
2010-03-08;95
2010-03-09;95,6
2010-03-10;96,2
2010-03-11;96,8
2010-03-12;97,9
2010-03-13;99,4
2010-03-14;101,6
2010-03-15;104,2
2010-03-16;107,1
2010-03-17;109,9
2010-03-18;112,4
2010-03-19;114,3
2010-03-20;115,4
2010-03-21;116,2
2010-03-22;116,9
2010-03-23;117,1
2010-03-24;117,5
2010-03-25;117,2
2010-03-26;116,8
2010-03-27;116,1
2010-03-28;115,4
2010-03-29;114,6
2010-03-30;113,8
2010-03-31;113,3
2010-04-01;113,1
2010-04-02;113,2
2010-04-03;113,5
2010-04-04;114,1
2010-04-05;115,1
2010-04-06;116,7
2010-04-07;118,5
2010-04-08;120,2
2010-04-09;121,7
2010-04-10;122,9
2010-04-11;124
2010-04-12;125,2
2010-04-13;126,3
2010-04-14;127,6
2010-04-15;129,1
2010-04-16;130,6
2010-04-17;132,1
2010-04-18;133,9
2010-04-19;135,6
2010-04-20;137,1
2010-04-21;138,1
2010-04-22;138,4
2010-04-23;138,3
2010-04-24;137,9
2010-04-25;137,4
2010-04-26;136,9
2010-04-27;135,8
2010-04-28;134,5
2010-04-29;132,5
2010-04-30;129,9
2010-05-01;127
2010-05-02;124
2010-05-03;121,4
2010-05-04;119,5
2010-05-05;118,3
2010-05-06;117,6
2010-05-07;117,2
2010-05-08;116,9
2010-05-09;116,7
2010-05-10;116,8
2010-05-11;117,4
2010-05-12;118,1
2010-05-13;119
2010-05-14;119,9
2010-05-15;121
2010-05-16;122,4
2010-05-17;124,2
2010-05-18;126
2010-05-19;127,6
2010-05-20;129,6
2010-05-21;131,7
2010-05-22;133,5
2010-05-23;135
2010-05-24;136
2010-05-25;136,3
2010-05-26;135,7
2010-05-27;134,2
2010-05-28;132,1
2010-05-29;130,5
2010-05-30;129,9
2010-05-31;130,7
2010-06-01;132,7
2010-06-02;135,4
2010-06-03;138,1
2010-06-04;139,7
2010-06-05;139,9
2010-06-06;138,7
2010-06-07;136,9
2010-06-08;134,5
2010-06-09;131,9
2010-06-10;129,4
2010-06-11;127,5
2010-06-12;126,1
2010-06-13;125,5
2010-06-14;125,3
2010-06-15;125
2010-06-16;124,7
2010-06-17;124,1
2010-06-18;123,3
2010-06-19;122,4
2010-06-20;121,9
2010-06-21;121,9
2010-06-22;122,3
2010-06-23;123,2
2010-06-24;124,1
2010-06-25;125
2010-06-26;125,7
2010-06-27;126,3
2010-06-28;126,5
2010-06-29;126,5
2010-06-30;126,5
2010-07-01;126
2010-07-02;125,2
2010-07-03;123,8
2010-07-04;122,7
2010-07-05;121,5
2010-07-06;120,6
2010-07-07;119,4
2010-07-08;118,2
2010-07-09;116,9
2010-07-10;115,5
2010-07-11;114
2010-07-12;112,6
2010-07-13;111,4
2010-07-14;110,2
2010-07-15;109,2
2010-07-16;108,2
2010-07-17;107,2
2010-07-18;106,3
2010-07-19;105,5
2010-07-20;104,8
2010-07-21;104
2010-07-22;103,1
2010-07-23;102
2010-07-24;100,9
2010-07-25;99,9
2010-07-26;99,2
2010-07-27;98,9
2010-07-28;98,7
2010-07-29;98,4
2010-07-30;98,2
2010-07-31;97,9
2010-08-01;97,6
2010-08-02;97,5
2010-08-03;97,4
2010-08-04;97,4
2010-08-05;97,3
2010-08-06;96,9
2010-08-07;96,5
2010-08-08;96,2
2010-08-09;95,9
2010-08-10;95,6
2010-08-11;95,4
2010-08-12;95
2010-08-13;94,6
2010-08-14;94,1
2010-08-15;93,6
2010-08-16;93,3
2010-08-17;93,3
2010-08-18;93,5
2010-08-19;93,6
2010-08-20;93,8
2010-08-21;93,9
2010-08-22;94
2010-08-23;94,3
2010-08-24;94,5
2010-08-25;94,6
2010-08-26;94,7
2010-08-27;94,8
2010-08-28;94,7
2010-08-29;94,6
2010-08-30;94,5
2010-08-31;94,6
2010-09-01;94,6
2010-09-02;94,5
2010-09-03;94,2
2010-09-04;93,9
2010-09-05;93,4
2010-09-06;93
2010-09-07;92,8
2010-09-08;92,9
2010-09-09;93,3
2010-09-10;93,8
2010-09-11;94,4
2010-09-12;95
2010-09-13;95,8
2010-09-14;96,5
2010-09-15;97,3
2010-09-16;97,8
2010-09-17;98
2010-09-18;98,3
2010-09-19;98,5
2010-09-20;98,6
2010-09-21;98,7
2010-09-22;98,5
2010-09-23;98
2010-09-24;97,3
2010-09-25;96,1
2010-09-26;95
2010-09-27;94,2
2010-09-28;93,6
2010-09-29;93,2
2010-09-30;92,9
2010-10-01;92,7
2010-10-02;92,3
2010-10-03;91,9
2010-10-04;91,6
2010-10-05;91,5
2010-10-06;91,5
2010-10-07;91,5
2010-10-08;91,5
2010-10-09;91,6
2010-10-10;91,7
2010-10-11;91,8
2010-10-12;92
2010-10-13;92,2
2010-10-14;92,2
2010-10-15;92
2010-10-16;91,6
2010-10-17;91,2
2010-10-18;91
2010-10-19;91
2010-10-20;91,1
2010-10-21;91,1
2010-10-22;90,9
2010-10-23;90,8
2010-10-24;90,8
2010-10-25;90,8
2010-10-26;91
2010-10-27;91
2010-10-28;91
2010-10-29;90,6
2010-10-30;90
2010-10-31;89,3
2010-11-01;88,5
2010-11-02;87,8
2010-11-03;87,2
2010-11-04;86,6
2010-11-05;86
2010-11-06;85,5
2010-11-07;85,2
2010-11-08;84,9
2010-11-09;84,6
2010-11-10;84,7
2010-11-11;85,1
2010-11-12;85,4
2010-11-13;85,7
2010-11-14;85,9
2010-11-15;86,1
2010-11-16;86,3
2010-11-17;86,6
2010-11-18;86,9
2010-11-19;87,1
2010-11-20;87,3
2010-11-21;87,5
2010-11-22;87,6
2010-11-23;87,7
2010-11-24;88
2010-11-25;88,2
2010-11-26;88,3
2010-11-27;88,6
2010-11-28;88,9
2010-11-29;89,2
2010-11-30;89,6
2010-12-01;90,1
2010-12-02;90,6
2010-12-03;90,9
2010-12-04;91
2010-12-05;90,9
2010-12-06;90,8
2010-12-07;91
2010-12-08;91,2
2010-12-09;91,5
2010-12-10;91,7
2010-12-11;91,8
2010-12-12;91,9
2010-12-13;92
2010-12-14;92,2
2010-12-15;92,5
2010-12-16;92,9
2010-12-17;93,3
2010-12-18;94
2010-12-19;94,7
2010-12-20;95,4
2010-12-21;96,2
2010-12-22;97
2010-12-23;97,6
2010-12-24;97,9
2010-12-25;97,9
2010-12-26;97,7
2010-12-27;97,4
2010-12-28;97
2010-12-29;96,5
2010-12-30;95,8
2010-12-31;94,9
2011-01-01;99,7
2011-01-02;98,7
2011-01-03;98
2011-01-04;97,6
2011-01-05;97,4
2011-01-06;97,2
2011-01-07;96,9
2011-01-08;96,7
2011-01-09;96,5
2011-01-10;96,6
2011-01-11;97,2
2011-01-12;98
2011-01-13;98,8
2011-01-14;99,5
2011-01-15;100,2
2011-01-16;101
2011-01-17;101,8
2011-01-18;102,6
2011-01-19;103,4
2011-01-20;104
2011-01-21;104,5
2011-01-22;104,9
2011-01-23;105,5
2011-01-24;106
2011-01-25;106,6
2011-01-26;107
2011-01-27;107,2
2011-01-28;107,3
2011-01-29;107,1
2011-01-30;107
2011-01-31;107
2011-02-01;107,1
2011-02-02;107,3
2011-02-03;107,6
2011-02-04;107,6
2011-02-05;107,5
2011-02-06;107,3
2011-02-07;107,1
2011-02-08;107
2011-02-09;107
2011-02-10;106,7
2011-02-11;106,2
2011-02-12;105,6
2011-02-13;105,1
2011-02-14;104,6
2011-02-15;104,5
2011-02-16;104,2
2011-02-17;103,9
2011-02-18;103,4
2011-02-19;102,9
2011-02-20;102,3
2011-02-21;101,8
2011-02-22;101,6
2011-02-23;101
2011-02-24;100,5
2011-02-25;100
2011-02-26;99,6
2011-02-27;99,5
2011-02-28;99,8
2011-03-01;100,3
2011-03-02;100,8
2011-03-03;101,4
2011-03-04;101,9
2011-03-05;102,7
2011-03-06;103,8
2011-03-07;105,1
2011-03-08;106
2011-03-09;106,7
2011-03-10;107,4
2011-03-11;108,1
2011-03-12;108,6
2011-03-13;109
2011-03-14;109,2
2011-03-15;109,4
2011-03-16;110
2011-03-17;111
2011-03-18;112,7
2011-03-19;115,1
2011-03-20;118,3
2011-03-21;122,1
2011-03-22;125,8
2011-03-23;129,1
2011-03-24;132,1
2011-03-25;134,1
2011-03-26;135
2011-03-27;135,2
2011-03-28;135,2
2011-03-29;135,1
2011-03-30;135,2
2011-03-31;135,1
2011-04-01;135,4
2011-04-02;136,4
2011-04-03;138,4
2011-04-04;141
2011-04-05;144,3
2011-04-06;147,5
2011-04-07;150,3
2011-04-08;152,6
2011-04-09;154,3
2011-04-10;155,6
2011-04-11;156,4
2011-04-12;156,5
2011-04-13;156,4
2011-04-14;155,6
2011-04-15;154,9
2011-04-16;154,6
2011-04-17;154,7
2011-04-18;155,2
2011-04-19;155,9
2011-04-20;156,4
2011-04-21;156,3
2011-04-22;155,3
2011-04-23;153
2011-04-24;150,1
2011-04-25;147,4
2011-04-26;144,9
2011-04-27;142,3
2011-04-28;139,7
2011-04-29;137,6
2011-04-30;135,9
2011-05-01;134,8
2011-05-02;134,3
2011-05-03;134,6
2011-05-04;135,5
2011-05-05;136,7
2011-05-06;137,8
2011-05-07;138,8
2011-05-08;139,9
2011-05-09;140,9
2011-05-10;141,4
2011-05-11;141,5
2011-05-12;141,4
2011-05-13;141,3
2011-05-14;141,2
2011-05-15;141
2011-05-16;141,2
2011-05-17;141,9
2011-05-18;143,3
2011-05-19;144,8
2011-05-20;146,3
2011-05-21;147,5
2011-05-22;148,2
2011-05-23;148,1
2011-05-24;147,9
2011-05-25;147,3
2011-05-26;146,2
2011-05-27;144,7
2011-05-28;143,2
2011-05-29;141,8
2011-05-30;140,5
2011-05-31;139,6
2011-06-01;138,6
2011-06-02;137,1
2011-06-03;135
2011-06-04;132,5
2011-06-05;129,6
2011-06-06;126,6
2011-06-07;124,2
2011-06-08;121,9
2011-06-09;119,8
2011-06-10;118,2
2011-06-11;117
2011-06-12;116
2011-06-13;115,4
2011-06-14;114,8
2011-06-15;114
2011-06-16;113,2
2011-06-17;112,7
2011-06-18;112
2011-06-19;111,3
2011-06-20;110,7
2011-06-21;110,4
2011-06-22;110,5
2011-06-23;110,8
2011-06-24;111,3
2011-06-25;111,8
2011-06-26;112,4
2011-06-27;113,2
2011-06-28;114
2011-06-29;114,8
2011-06-30;115,2
2011-07-01;115,3
2011-07-02;115,2
2011-07-03;115
2011-07-04;115
2011-07-05;114,8
2011-07-06;114,5
2011-07-07;113,6
2011-07-08;112,5
2011-07-09;111,4
2011-07-10;110,4
2011-07-11;109,7
2011-07-12;109,1
2011-07-13;108,4
2011-07-14;107,5
2011-07-15;106,3
2011-07-16;105
2011-07-17;103,8
2011-07-18;102,7
2011-07-19;101,9
2011-07-20;101,3
2011-07-21;100,7
2011-07-22;100,4
2011-07-23;100,3
2011-07-24;100,2
2011-07-25;100,2
2011-07-26;100,3
2011-07-27;100,5
2011-07-28;100,7
2011-07-29;101
2011-07-30;101,2
2011-07-31;101,6
2011-08-01;101,9
2011-08-02;102,1
2011-08-03;102,1
2011-08-04;101,8
2011-08-05;101,2
2011-08-06;100,5
2011-08-07;99,7
2011-08-08;99,2
2011-08-09;98,9
2011-08-10;98,7
2011-08-11;98,5
2011-08-12;98,5
2011-08-13;98,3
2011-08-14;98,2
2011-08-15;98,2
2011-08-16;98,4
2011-08-17;98,7
2011-08-18;98,8
2011-08-19;98,7
2011-08-20;98,5
2011-08-21;98,1
2011-08-22;97,8
2011-08-23;97,3
2011-08-24;97,1
2011-08-25;96,8
2011-08-26;96,7
2011-08-27;96,3
2011-08-28;96,2
2011-08-29;96,1
2011-08-30;96,1
2011-08-31;95,9
2011-09-01;95,7
2011-09-02;95,3
2011-09-03;94,7
2011-09-04;94
2011-09-05;93,6
2011-09-06;93,5
2011-09-07;93,6
2011-09-08;93,7
2011-09-09;94
2011-09-10;94,3
2011-09-11;95
2011-09-12;95,7
2011-09-13;96,5
2011-09-14;97,2
2011-09-15;98
2011-09-16;98,8
2011-09-17;99,4
2011-09-18;100
2011-09-19;100,7
2011-09-20;101,4
2011-09-21;102
2011-09-22;102,5
2011-09-23;102,7
2011-09-24;102,7
2011-09-25;102,4
2011-09-26;102,1
2011-09-27;101,7
2011-09-28;101,3
2011-09-29;100,9
2011-09-30;100,3
2011-10-01;99,6
2011-10-02;98,9
2011-10-03;98,3
2011-10-04;98
2011-10-05;97,7
2011-10-06;97,3
2011-10-07;96,7
2011-10-08;96
2011-10-09;95,4
2011-10-10;95
2011-10-11;94,9
2011-10-12;95
2011-10-13;95,3
2011-10-14;95,6
2011-10-15;95,8
2011-10-16;96
2011-10-17;96,2
2011-10-18;96,3
2011-10-19;96,5
2011-10-20;96,7
2011-10-21;96,8
2011-10-22;96,9
2011-10-23;96,9
2011-10-24;97
2011-10-25;97,2
2011-10-26;97,4
2011-10-27;97,6
2011-10-28;97,5
2011-10-29;97
2011-10-30;96,4
2011-10-31;95,8
2011-11-01;95,4
2011-11-02;95
2011-11-03;94,3
2011-11-04;93,7
2011-11-05;93,2
2011-11-06;93
2011-11-07;92,8
2011-11-08;92,9
2011-11-09;93,3
2011-11-10;93,8
2011-11-11;94,3
2011-11-12;94,8
2011-11-13;95,2
2011-11-14;95,6
2011-11-15;96
2011-11-16;96,4
2011-11-17;96,7
2011-11-18;97
2011-11-19;97,5
2011-11-20;98
2011-11-21;98,5
2011-11-22;99,1
2011-11-23;99,8
2011-11-24;100,3
2011-11-25;100,6
2011-11-26;100,8
2011-11-27;100,9
2011-11-28;101
2011-11-29;101,2
2011-11-30;101,5
2011-12-01;101,7
2011-12-02;101,8
2011-12-03;101,8
2011-12-04;101,8
2011-12-05;101,9
2011-12-06;102,1
2011-12-07;102,2
2011-12-08;102,3
2011-12-09;102,4
2011-12-10;102,3
2011-12-11;102,3
2011-12-12;102,2
2011-12-13;102,2
2011-12-14;102,2
2011-12-15;102,4
2011-12-16;102,5
2011-12-17;102,7
2011-12-18;102,9
2011-12-19;103,2
2011-12-20;103,8
2011-12-21;104,4
2011-12-22;105
2011-12-23;105,4
2011-12-24;105,7
2011-12-25;105,8
2011-12-26;105,6
2011-12-27;105,5
2011-12-28;105
2011-12-29;104,3
2011-12-30;103,3
2011-12-31;102
2012-01-01;97,8
2012-01-02;96,8
2012-01-03;95,9
2012-01-04;95,2
2012-01-05;94,6
2012-01-06;94
2012-01-07;93,5
2012-01-08;93,1
2012-01-09;93
2012-01-10;93,1
2012-01-11;93,4
2012-01-12;93,8
2012-01-13;94,3
2012-01-14;94,7
2012-01-15;95,3
2012-01-16;95,9
2012-01-17;96,5
2012-01-18;97,2
2012-01-19;97,6
2012-01-20;97,8
2012-01-21;97,9
2012-01-22;97,8
2012-01-23;98
2012-01-24;98,2
2012-01-25;98,3
2012-01-26;98,4
2012-01-27;98,4
2012-01-28;98,4
2012-01-29;98,4
2012-01-30;98,5
2012-01-31;98,8
2012-02-01;99,1
2012-02-02;99,5
2012-02-03;99,8
2012-02-04;100
2012-02-05;100,2
2012-02-06;100,6
2012-02-07;100,9
2012-02-08;101,2
2012-02-09;101,6
2012-02-10;102
2012-02-11;102,4
2012-02-12;102,7
2012-02-13;103
2012-02-14;103,4
2012-02-15;103,8
2012-02-16;104
2012-02-17;104,1
2012-02-18;104
2012-02-19;104
2012-02-20;104
2012-02-21;104
2012-02-22;103,9
2012-02-23;103,7
2012-02-24;103,3
2012-02-25;102,8
2012-02-26;102,2
2012-02-27;101,8
2012-02-28;101,6
2012-02-29;101,4
2012-03-01;101,2
2012-03-02;100,8
2012-03-03;100,5
2012-03-04;100,3
2012-03-05;100,3
2012-03-06;100,4
2012-03-07;100,7
2012-03-08;101,2
2012-03-09;101,9
2012-03-10;102,7
2012-03-11;103,7
2012-03-12;104,9
2012-03-13;106,3
2012-03-14;107,7
2012-03-15;109
2012-03-16;110
2012-03-17;110,9
2012-03-18;111,9
2012-03-19;113,2
2012-03-20;115,1
2012-03-21;118,2
2012-03-22;122,3
2012-03-23;127,4
2012-03-24;133,2
2012-03-25;139
2012-03-26;144,3
2012-03-27;148,7
2012-03-28;151,9
2012-03-29;153,6
2012-03-30;153,7
2012-03-31;152,2
2012-04-01;149,9
2012-04-02;147,5
2012-04-03;145,2
2012-04-04;142,9
2012-04-05;140,4
2012-04-06;137,6
2012-04-07;134,6
2012-04-08;131,5
2012-04-09;129,1
2012-04-10;127,4
2012-04-11;126,1
2012-04-12;124,9
2012-04-13;123,8
2012-04-14;122,6
2012-04-15;121,4
2012-04-16;120,3
2012-04-17;119,4
2012-04-18;118,7
2012-04-19;118
2012-04-20;117,2
2012-04-21;116,1
2012-04-22;115,2
2012-04-23;114,2
2012-04-24;113,4
2012-04-25;112,8
2012-04-26;112,3
2012-04-27;112,1
2012-04-28;112
2012-04-29;112,1
2012-04-30;112,3
2012-05-01;112,7
2012-05-02;113,4
2012-05-03;113,9
2012-05-04;114
2012-05-05;113,9
2012-05-06;114,2
2012-05-07;114,6
2012-05-08;115,3
2012-05-09;116,4
2012-05-10;117,6
2012-05-11;118,6
2012-05-12;119,6
2012-05-13;120,6
2012-05-14;121,7
2012-05-15;122,7
2012-05-16;123
2012-05-17;122,7
2012-05-18;121,7
2012-05-19;120,8
2012-05-20;121
2012-05-21;122,3
2012-05-22;124,2
2012-05-23;127,4
2012-05-24;132
2012-05-25;137,9
2012-05-26;144,6
2012-05-27;151,1
2012-05-28;156,8
2012-05-29;160,4
2012-05-30;161,6
2012-05-31;160,2
2012-06-01;157,2
2012-06-02;153,5
2012-06-03;149,7
2012-06-04;145,6
2012-06-05;142,2
2012-06-06;139,1
2012-06-07;136,3
2012-06-08;133,7
2012-06-09;131,4
2012-06-10;129,5
2012-06-11;128
2012-06-12;127,1
2012-06-13;126,6
2012-06-14;126,3
2012-06-15;126,2
2012-06-16;126,4
2012-06-17;126,6
2012-06-18;127
2012-06-19;127,2
2012-06-20;127
2012-06-21;126,5
2012-06-22;125,7
2012-06-23;124,8
2012-06-24;123,8
2012-06-25;123,2
2012-06-26;122,9
2012-06-27;122,7
2012-06-28;122,4
2012-06-29;122,1
2012-06-30;121,9
2012-07-01;121,7
2012-07-02;121,7
2012-07-03;121,8
2012-07-04;121,7
2012-07-05;121,4
2012-07-06;120,6
2012-07-07;119,5
2012-07-08;118,4
2012-07-09;117,4
2012-07-10;116,4
2012-07-11;115,4
2012-07-12;114,6
2012-07-13;113,9
2012-07-14;113,4
2012-07-15;113
2012-07-16;112,9
2012-07-17;113,1
2012-07-18;113,3
2012-07-19;113,5
2012-07-20;113,7
2012-07-21;114,1
2012-07-22;114,5
2012-07-23;115
2012-07-24;115,4
2012-07-25;115,6
2012-07-26;115,5
2012-07-27;114,8
2012-07-28;113,9
2012-07-29;113
2012-07-30;112
2012-07-31;111,2
2012-08-01;110,5
2012-08-02;109,7
2012-08-03;108,9
2012-08-04;108,2
2012-08-05;107,6
2012-08-06;107,2
2012-08-07;106,9
2012-08-08;106,6
2012-08-09;106,5
2012-08-10;106,5
2012-08-11;106,6
2012-08-12;106,7
2012-08-13;106,8
2012-08-14;107
2012-08-15;107,2
2012-08-16;107,2
2012-08-17;106,9
2012-08-18;106,4
2012-08-19;105,8
2012-08-20;105,2
2012-08-21;104,7
2012-08-22;104,1
2012-08-23;103,6
2012-08-24;103
2012-08-25;102,3
2012-08-26;101,5
2012-08-27;101
2012-08-28;100,6
2012-08-29;100,3
2012-08-30;100
2012-08-31;99,6
2012-09-01;99
2012-09-02;98,5
2012-09-03;98,3
2012-09-04;98,2
2012-09-05;98,2
2012-09-06;98,3
2012-09-07;98,3
2012-09-08;98,3
2012-09-09;98,4
2012-09-10;98,7
2012-09-11;99,1
2012-09-12;99,5
2012-09-13;100
2012-09-14;100,5
2012-09-15;101
2012-09-16;101,5
2012-09-17;102,1
2012-09-18;102,6
2012-09-19;103
2012-09-20;103,1
2012-09-21;102,9
2012-09-22;102,2
2012-09-23;101,5
2012-09-24;100,7
2012-09-25;100
2012-09-26;99,3
2012-09-27;98,7
2012-09-28;98,1
2012-09-29;97,5
2012-09-30;97
2012-10-01;96,8
2012-10-02;96,6
2012-10-03;96,7
2012-10-04;96,9
2012-10-05;96,9
2012-10-06;96,8
2012-10-07;96,7
2012-10-08;96,7
2012-10-09;96,7
2012-10-10;96,9
2012-10-11;97,1
2012-10-12;97,2
2012-10-13;97,2
2012-10-14;97,1
2012-10-15;97,1
2012-10-16;97,1
2012-10-17;97
2012-10-18;96,8
2012-10-19;96,5
2012-10-20;96,2
2012-10-21;96
2012-10-22;95,8
2012-10-23;95,7
2012-10-24;95,9
2012-10-25;96,2
2012-10-26;96,5
2012-10-27;96,9
2012-10-28;97,5
2012-10-29;98
2012-10-30;98,5
2012-10-31;98,8
2012-11-01;98,8
2012-11-02;98,4
2012-11-03;97,8
2012-11-04;97,1
2012-11-05;96,5
2012-11-06;96,1
2012-11-07;95,7
2012-11-08;95,2
2012-11-09;94,7
2012-11-10;94
2012-11-11;93,4
2012-11-12;93
2012-11-13;92,8
2012-11-14;92,7
2012-11-15;92,9
2012-11-16;92,9
2012-11-17;93,1
2012-11-18;93,3
2012-11-19;93,6
2012-11-20;93,9
2012-11-21;94,3
2012-11-22;94,7
2012-11-23;95
2012-11-24;95,3
2012-11-25;95,5
2012-11-26;95,8
2012-11-27;96
2012-11-28;96,2
2012-11-29;96,3
2012-11-30;96,5
2012-12-01;96,5
2012-12-02;96,7
2012-12-03;96,9
2012-12-04;97,3
2012-12-05;97,8
2012-12-06;98,2
2012-12-07;98,7
2012-12-08;99
2012-12-09;99,4
2012-12-10;99,8
2012-12-11;100,1
2012-12-12;100,5
2012-12-13;100,6
2012-12-14;100,5
2012-12-15;100,3
2012-12-16;100
2012-12-17;99,9
2012-12-18;100,1
2012-12-19;100,5
2012-12-20;101,1
2012-12-21;102
2012-12-22;103,1
2012-12-23;104,5
2012-12-24;105,9
2012-12-25;107
2012-12-26;107,7
2012-12-27;107,8
2012-12-28;107,3
2012-12-29;106,3
2012-12-30;105,2
2012-12-31;104,2
2013-01-01;102,4
2013-01-02;101,6
2013-01-03;100,9
2013-01-04;100,1
2013-01-05;99,2
2013-01-06;98,2
2013-01-07;97,3
2013-01-08;96,6
2013-01-09;96,2
2013-01-10;96,1
2013-01-11;96
2013-01-12;96
2013-01-13;96,2
2013-01-14;96,5
2013-01-15;97,1
2013-01-16;97,9
2013-01-17;98,8
2013-01-18;99,7
2013-01-19;100,7
2013-01-20;101,6
2013-01-21;102,5
2013-01-22;103,5
2013-01-23;104,5
2013-01-24;105,6
2013-01-25;106,5
2013-01-26;107,3
2013-01-27;108
2013-01-28;108,6
2013-01-29;109
2013-01-30;109,3
2013-01-31;109,2
2013-02-01;108,9
2013-02-02;108,3
2013-02-03;107,7
2013-02-04;107,2
2013-02-05;107
2013-02-06;107
2013-02-07;107
2013-02-08;106,9
2013-02-09;106,7
2013-02-10;106,4
2013-02-11;106,4
2013-02-12;106,5
2013-02-13;106,6
2013-02-14;106,7
2013-02-15;106,7
2013-02-16;106,8
2013-02-17;106,9
2013-02-18;107,1
2013-02-19;107,5
2013-02-20;107,7
2013-02-21;107,7
2013-02-22;107,2
2013-02-23;106,5
2013-02-24;105,5
2013-02-25;104,6
2013-02-26;104
2013-02-27;103,7
2013-02-28;103,5
2013-03-01;103,4
2013-03-02;103,5
2013-03-03;103,6
2013-03-04;103,8
2013-03-05;104,1
2013-03-06;104,3
2013-03-07;104,4
2013-03-08;104,3
2013-03-09;103,9
2013-03-10;103,2
2013-03-11;102,5
2013-03-12;102
2013-03-13;101,5
2013-03-14;101,4
2013-03-15;101,3
2013-03-16;101,4
2013-03-17;101,7
2013-03-18;102,2
2013-03-19;102,9
2013-03-20;103,6
2013-03-21;104,4
2013-03-22;105
2013-03-23;105,4
2013-03-24;105,6
2013-03-25;105,9
2013-03-26;106,1
2013-03-27;106,3
2013-03-28;106,6
2013-03-29;107
2013-03-30;107,5
2013-03-31;108,1
2013-04-01;108,9
2013-04-02;109,7
2013-04-03;110,3
2013-04-04;110,6
2013-04-05;110,6
2013-04-06;110,5
2013-04-07;110,5
2013-04-08;110,2
2013-04-09;110,4
2013-04-10;111,4
2013-04-11;113,4
2013-04-12;116
2013-04-13;119,9
2013-04-14;124,8
2013-04-15;130,1
2013-04-16;135,3
2013-04-17;139,6
2013-04-18;143
2013-04-19;145,1
2013-04-20;146,2
2013-04-21;146,7
2013-04-22;146,8
2013-04-23;146,7
2013-04-24;145,8
2013-04-25;144,2
2013-04-26;142,5
2013-04-27;139,8
2013-04-28;136,8
2013-04-29;133,8
2013-04-30;131,3
2013-05-01;129,7
2013-05-02;129,5
2013-05-03;129,9
2013-05-04;130,6
2013-05-05;131,3
2013-05-06;132,2
2013-05-07;133
2013-05-08;133,3
2013-05-09;132,9
2013-05-10;131,3
2013-05-11;129,1
2013-05-12;127,3
2013-05-13;126
2013-05-14;125,1
2013-05-15;124,2
2013-05-16;123,2
2013-05-17;122,1
2013-05-18;120,8
2013-05-19;119,5
2013-05-20;118,3
2013-05-21;117,7
2013-05-22;117,7
2013-05-23;118,2
2013-05-24;118,9
2013-05-25;119,6
2013-05-26;120,2
2013-05-27;120,7
2013-05-28;121,4
2013-05-29;122,4
2013-05-30;124
2013-05-31;126,6
2013-06-01;130,3
2013-06-02;135,3
2013-06-03;141,4
2013-06-04;147,8
2013-06-05;152,8
2013-06-06;155,8
2013-06-07;157,1
2013-06-08;156,8
2013-06-09;155,9
2013-06-10;154,5
2013-06-11;153,1
2013-06-12;151,7
2013-06-13;150,9
2013-06-14;150,5
2013-06-15;150
2013-06-16;149,1
2013-06-17;147,6
2013-06-18;145,5
2013-06-19;142,8
2013-06-20;139,4
2013-06-21;135,7
2013-06-22;132,4
2013-06-23;129,9
2013-06-24;128,7
2013-06-25;128,5
2013-06-26;128,9
2013-06-27;129,3
2013-06-28;129,3
2013-06-29;128,9
2013-06-30;128,4
2013-07-01;128
2013-07-02;128
2013-07-03;128,3
2013-07-04;129,1
2013-07-05;129,8
2013-07-06;130,7
2013-07-07;131,6
2013-07-08;132,7
2013-07-09;133,6
2013-07-10;134,3
2013-07-11;134,4
2013-07-12;133,8
2013-07-13;132,7
2013-07-14;131,3
2013-07-15;130,1
2013-07-16;128,8
2013-07-17;127,5
2013-07-18;125,9
2013-07-19;124,1
2013-07-20;122,2
2013-07-21;120,4
2013-07-22;119
2013-07-23;118
2013-07-24;117,1
2013-07-25;115,8
2013-07-26;114,4
2013-07-27;113
2013-07-28;111,9
2013-07-29;111
2013-07-30;110,5
2013-07-31;110,2
2013-08-01;110
2013-08-02;109,8
2013-08-03;109,6
2013-08-04;109,3
2013-08-05;109
2013-08-06;108,5
2013-08-07;107,9
2013-08-08;107
2013-08-09;106
2013-08-10;105,5
2013-08-11;105,2
2013-08-12;105,3
2013-08-13;105,5
2013-08-14;105,4
2013-08-15;105,2
2013-08-16;104,8
2013-08-17;104,2
2013-08-18;103,6
2013-08-19;103,1
2013-08-20;102,7
2013-08-21;102,2
2013-08-22;101,6
2013-08-23;101,1
2013-08-24;100,6
2013-08-25;100,1
2013-08-26;99,8
2013-08-27;99,6
2013-08-28;99,5
2013-08-29;99,5
2013-08-30;99,6
2013-08-31;99,5
2013-09-01;99,4
2013-09-02;99,3
2013-09-03;99,2
2013-09-04;98,9
2013-09-05;98,5
2013-09-06;98,1
2013-09-07;97,6
2013-09-08;97,3
2013-09-09;97,1
2013-09-10;97,1
2013-09-11;97,3
2013-09-12;97,5
2013-09-13;97,9
2013-09-14;98,2
2013-09-15;98,7
2013-09-16;99,1
2013-09-17;99,5
2013-09-18;100
2013-09-19;100,4
2013-09-20;100,8
2013-09-21;101
2013-09-22;101
2013-09-23;101
2013-09-24;100,8
2013-09-25;100,5
2013-09-26;99,9
2013-09-27;99,2
2013-09-28;98,5
2013-09-29;97,9
2013-09-30;97,4
2013-10-01;97,1
2013-10-02;97
2013-10-03;96,8
2013-10-04;96,2
2013-10-05;95,5
2013-10-06;94,8
2013-10-07;94,2
2013-10-08;93,7
2013-10-09;93,4
2013-10-10;93,1
2013-10-11;92,9
2013-10-12;92,6
2013-10-13;92,4
2013-10-14;92,4
2013-10-15;92,4
2013-10-16;92,5
2013-10-17;92,6
2013-10-18;92,8
2013-10-19;93
2013-10-20;93,2
2013-10-21;93,4
2013-10-22;93,6
2013-10-23;93,6
2013-10-24;93,6
2013-10-25;93,4
2013-10-26;93,2
2013-10-27;93
2013-10-28;92,9
2013-10-29;92,9
2013-10-30;92,8
2013-10-31;92,6
2013-11-01;92,2
2013-11-02;91,6
2013-11-03;90,8
2013-11-04;90,2
2013-11-05;89,6
2013-11-06;89,2
2013-11-07;88,9
2013-11-08;88,8
2013-11-09;88,9
2013-11-10;89,2
2013-11-11;89,7
2013-11-12;90,4
2013-11-13;91,1
2013-11-14;91,6
2013-11-15;92
2013-11-16;92,3
2013-11-17;92,7
2013-11-18;93
2013-11-19;93,5
2013-11-20;93,8
2013-11-21;94,1
2013-11-22;94,3
2013-11-23;94,4
2013-11-24;94,6
2013-11-25;94,8
2013-11-26;95,1
2013-11-27;95,2
2013-11-28;95,4
2013-11-29;95,5
2013-11-30;95,4
2013-12-01;95,4
2013-12-02;95,3
2013-12-03;95,5
2013-12-04;95,6
2013-12-05;95,8
2013-12-06;96,1
2013-12-07;96,3
2013-12-08;96,5
2013-12-09;96,7
2013-12-10;97
2013-12-11;97,2
2013-12-12;97,4
2013-12-13;97,5
2013-12-14;97,5
2013-12-15;97,5
2013-12-16;97,4
2013-12-17;97,3
2013-12-18;97,3
2013-12-19;97,5
2013-12-20;97,7
2013-12-21;98
2013-12-22;98,5
2013-12-23;99,4
2013-12-24;100,9
2013-12-25;102,5
2013-12-26;103,2
2013-12-27;102,9
2013-12-28;102
2013-12-29;101,2
2013-12-30;100,6
2013-12-31;100,2
2014-01-01;102,1
2014-01-02;101,5
2014-01-03;100,7
2014-01-04;99,7
2014-01-05;98,4
2014-01-06;97,2
2014-01-07;96,2
2014-01-08;95,2
2014-01-09;94,6
2014-01-10;94,2
2014-01-11;94
2014-01-12;93,9
2014-01-13;93,9
2014-01-14;94
2014-01-15;94,2
2014-01-16;94,4
2014-01-17;94,8
2014-01-18;95,2
2014-01-19;95,8
2014-01-20;96,5
2014-01-21;97,1
2014-01-22;97,7
2014-01-23;98,1
2014-01-24;98,4
2014-01-25;98,5
2014-01-26;98,5
2014-01-27;98,6
2014-01-28;98,5
2014-01-29;98,7
2014-01-30;99
2014-01-31;99,2
2014-02-01;99,3
2014-02-02;99,4
2014-02-03;99,5
2014-02-04;99,7
2014-02-05;100
2014-02-06;100,2
2014-02-07;100,3
2014-02-08;100,4
2014-02-09;100,5
2014-02-10;100,7
2014-02-11;100,9
2014-02-12;101,1
2014-02-13;101,4
2014-02-14;101,5
2014-02-15;101,6
2014-02-16;101,7
2014-02-17;101,8
2014-02-18;101,9
2014-02-19;102,1
2014-02-20;102,3
2014-02-21;102,4
2014-02-22;102,3
2014-02-23;102,1
2014-02-24;102
2014-02-25;101,9
2014-02-26;101,8
2014-02-27;101,5
2014-02-28;101,1
2014-03-01;100,7
2014-03-02;100,4
2014-03-03;100,5
2014-03-04;101
2014-03-05;102,2
2014-03-06;104,1
2014-03-07;106,5
2014-03-08;109,2
2014-03-09;112,1
2014-03-10;114,9
2014-03-11;117,5
2014-03-12;119,8
2014-03-13;121,8
2014-03-14;123,5
2014-03-15;125,2
2014-03-16;126,5
2014-03-17;127,6
2014-03-18;128,6
2014-03-19;129,1
2014-03-20;128,9
2014-03-21;128
2014-03-22;126,9
2014-03-23;125,6
2014-03-24;124,5
2014-03-25;124
2014-03-26;124,5
2014-03-27;126,1
2014-03-28;128,9
2014-03-29;131,6
2014-03-30;133,8
2014-03-31;136
2014-04-01;137,6
2014-04-02;138,4
2014-04-03;138,4
2014-04-04;137,8
2014-04-05;137,4
2014-04-06;137,3
2014-04-07;137,7
2014-04-08;138,1
2014-04-09;139,3
2014-04-10;141,2
2014-04-11;142,9
2014-04-12;144,2
2014-04-13;145,3
2014-04-14;146,2
2014-04-15;146,7
2014-04-16;146,4
2014-04-17;145,6
2014-04-18;144
2014-04-19;141,7
2014-04-20;139,2
2014-04-21;136,7
2014-04-22;134,5
2014-04-23;132,5
2014-04-24;130,3
2014-04-25;128,3
2014-04-26;126,4
2014-04-27;124,4
2014-04-28;122,8
2014-04-29;121,7
2014-04-30;121,2
2014-05-01;121,2
2014-05-02;121,6
2014-05-03;122,1
2014-05-04;122,6
2014-05-05;123,3
2014-05-06;123,8
2014-05-07;123,9
2014-05-08;123,5
2014-05-09;123
2014-05-10;122
2014-05-11;121,4
2014-05-12;121,5
2014-05-13;122,3
2014-05-14;123,9
2014-05-15;126,6
2014-05-16;129,8
2014-05-17;132,6
2014-05-18;134,9
2014-05-19;136,2
2014-05-20;136,7
2014-05-21;135,8
2014-05-22;134
2014-05-23;131,3
2014-05-24;129
2014-05-25;127,8
2014-05-26;127,9
2014-05-27;129,4
2014-05-28;131,6
2014-05-29;133,9
2014-05-30;136
2014-05-31;137,7
2014-06-01;139,4
2014-06-02;141,2
2014-06-03;142,6
2014-06-04;143,6
2014-06-05;144,6
2014-06-06;145,4
2014-06-07;145,9
2014-06-08;146,6
2014-06-09;147,4
2014-06-10;148,4
2014-06-11;148,6
2014-06-12;147,9
2014-06-13;146,7
2014-06-14;145,4
2014-06-15;144,3
2014-06-16;143,2
2014-06-17;142,2
2014-06-18;141,6
2014-06-19;140,6
2014-06-20;139,4
2014-06-21;138
2014-06-22;136,4
2014-06-23;134,6
2014-06-24;133
2014-06-25;131
2014-06-26;128,8
2014-06-27;126,4
2014-06-28;124,3
2014-06-29;122,7
2014-06-30;121,7
2014-07-01;121,4
2014-07-02;121,3
2014-07-03;121,3
2014-07-04;120,9
2014-07-05;120,2
2014-07-06;119,2
2014-07-07;118
2014-07-08;116,8
2014-07-09;115,8
2014-07-10;114,8
2014-07-11;114,1
2014-07-12;113,8
2014-07-13;113,9
2014-07-14;114,5
2014-07-15;115,4
2014-07-16;116,1
2014-07-17;116,6
2014-07-18;116,7
2014-07-19;116,5
2014-07-20;116,1
2014-07-21;115,7
2014-07-22;115,2
2014-07-23;114,8
2014-07-24;114,2
2014-07-25;113,5
2014-07-26;112,8
2014-07-27;112,2
2014-07-28;111,8
2014-07-29;111,6
2014-07-30;111,3
2014-07-31;111
2014-08-01;110,6
2014-08-02;110,1
2014-08-03;109,6
2014-08-04;109,2
2014-08-05;108,7
2014-08-06;108,1
2014-08-07;107,4
2014-08-08;106,7
2014-08-09;106
2014-08-10;105,4
2014-08-11;104,8
2014-08-12;104,5
2014-08-13;104,2
2014-08-14;103,9
2014-08-15;103,6
2014-08-16;103,3
2014-08-17;102,9
2014-08-18;102,7
2014-08-19;102,6
2014-08-20;102,5
2014-08-21;102,3
2014-08-22;101,9
2014-08-23;101,4
2014-08-24;101
2014-08-25;100,5
2014-08-26;100,4
2014-08-27;100,4
2014-08-28;100,5
2014-08-29;100,5
2014-08-30;100,5
2014-08-31;100,5
2014-09-01;100,4
2014-09-02;100,4
2014-09-03;100,3
2014-09-04;100,1
2014-09-05;100
2014-09-06;99,9
2014-09-07;100
2014-09-08;100,2
2014-09-09;100,7
2014-09-10;101,1
2014-09-11;101,5
2014-09-12;102
2014-09-13;102,2
2014-09-14;102,4
2014-09-15;102,5
2014-09-16;102,4
2014-09-17;102,2
2014-09-18;101,9
2014-09-19;101,4
2014-09-20;101
2014-09-21;100,5
2014-09-22;100,2
2014-09-23;100
2014-09-24;99,8
2014-09-25;99,6
2014-09-26;99,3
2014-09-27;98,9
2014-09-28;98,5
2014-09-29;98,1
2014-09-30;97,8
2014-10-01;97,6
2014-10-02;97,4
2014-10-03;97,2
2014-10-04;96,8
2014-10-05;96,4
2014-10-06;96,1
2014-10-07;95,8
2014-10-08;95,5
2014-10-09;95,3
2014-10-10;94,9
2014-10-11;94,3
2014-10-12;93,8
2014-10-13;93,4
2014-10-14;93,2
2014-10-15;93,2
2014-10-16;93,2
2014-10-17;93,2
2014-10-18;93,2
2014-10-19;93,3
2014-10-20;93,6
2014-10-21;94
2014-10-22;94,3
2014-10-23;94,4
2014-10-24;94,3
2014-10-25;94
2014-10-26;93,7
2014-10-27;93,5
2014-10-28;93,3
2014-10-29;93
2014-10-30;92,5
2014-10-31;91,8
2014-11-01;91
2014-11-02;90,3
2014-11-03;89,6
2014-11-04;89,3
2014-11-05;89,2
2014-11-06;89,4
2014-11-07;89,8
2014-11-08;90,2
2014-11-09;90,8
2014-11-10;91,6
2014-11-11;92,3
2014-11-12;92,8
2014-11-13;93,2
2014-11-14;93,3
2014-11-15;93,4
2014-11-16;93,6
2014-11-17;94
2014-11-18;94,5
2014-11-19;95
2014-11-20;95,5
2014-11-21;95,7
2014-11-22;95,9
2014-11-23;96,1
2014-11-24;96,3
2014-11-25;96,5
2014-11-26;96,7
2014-11-27;96,9
2014-11-28;97,1
2014-11-29;97,2
2014-11-30;97,4
2014-12-01;97,7
2014-12-02;98,1
2014-12-03;98,5
2014-12-04;98,8
2014-12-05;99
2014-12-06;99,1
2014-12-07;99,3
2014-12-08;99,4
2014-12-09;99,7
2014-12-10;99,9
2014-12-11;100
2014-12-12;99,9
2014-12-13;99,7
2014-12-14;99,4
2014-12-15;99,3
2014-12-16;99,3
2014-12-17;99,5
2014-12-18;99,8
2014-12-19;100,1
2014-12-20;100,7
2014-12-21;101,7
2014-12-22;102,7
2014-12-23;103,8
2014-12-24;104,9
2014-12-25;105,5
2014-12-26;105,3
2014-12-27;104,8
2014-12-28;104,3
2014-12-29;103,8
2014-12-30;103,4
2014-12-31;103,1
2015-01-01;102,1
2015-01-02;101,8
2015-01-03;101,2
2015-01-04;100,5
2015-01-05;99,8
2015-01-06;99,1
2015-01-07;98,4
2015-01-08;97,9
2015-01-09;97,5
2015-01-10;97,4
2015-01-11;97,3
2015-01-12;97,4
2015-01-13;97,7
2015-01-14;98
2015-01-15;98,5
2015-01-16;99
2015-01-17;99,7
2015-01-18;100,6
2015-01-19;101,6
2015-01-20;102,5
2015-01-21;103,5
2015-01-22;104,5
2015-01-23;105,3
2015-01-24;106
2015-01-25;106,5
2015-01-26;107,2
2015-01-27;107,8
2015-01-28;108,2
2015-01-29;108,4
2015-01-30;108,4
2015-01-31;108,2
2015-02-01;108,2
2015-02-02;108,2
2015-02-03;108,4
2015-02-04;108,6
2015-02-05;108,6
2015-02-06;108,6
2015-02-07;108,5
2015-02-08;108,3
2015-02-09;108,3
2015-02-10;108,4
2015-02-11;108,5
2015-02-12;108,3
2015-02-13;108
2015-02-14;107,3
2015-02-15;106,5
2015-02-16;105,7
2015-02-17;105,1
2015-02-18;104,6
2015-02-19;103,9
2015-02-20;103,1
2015-02-21;102,2
2015-02-22;101,1
2015-02-23;100
2015-02-24;99
2015-02-25;98
2015-02-26;97,2
2015-02-27;96,5
2015-02-28;96,1
2015-03-01;95,8
2015-03-02;95,8
2015-03-03;96,1
2015-03-04;96,8
2015-03-05;97,8
2015-03-06;99,1
2015-03-07;100,4
2015-03-08;101,9
2015-03-09;103,5
2015-03-10;104,9
2015-03-11;105,9
2015-03-12;106,7
2015-03-13;107,4
2015-03-14;108,1
2015-03-15;109
2015-03-16;109,9
2015-03-17;110,8
2015-03-18;111,8
2015-03-19;112,5
2015-03-20;112,9
2015-03-21;113
2015-03-22;112,9
2015-03-23;112,7
2015-03-24;112,3
2015-03-25;111,7
2015-03-26;111,2
2015-03-27;110,6
2015-03-28;110,1
2015-03-29;109,8
2015-03-30;109,6
2015-03-31;109,6
2015-04-01;110
2015-04-02;110,8
2015-04-03;112,2
2015-04-04;114,7
2015-04-05;118,2
2015-04-06;122,3
2015-04-07;126,1
2015-04-08;129,7
2015-04-09;133,2
2015-04-10;136,3
2015-04-11;139,2
2015-04-12;142,2
2015-04-13;144,7
2015-04-14;147
2015-04-15;148,8
2015-04-16;150,5
2015-04-17;151,8
2015-04-18;153,2
2015-04-19;154,5
2015-04-20;155,6
2015-04-21;156,2
2015-04-22;155,6
2015-04-23;153,7
2015-04-24;150,4
2015-04-25;146,5
2015-04-26;142,2
2015-04-27;138,2
2015-04-28;134,8
2015-04-29;132
2015-04-30;129,4
2015-05-01;127,3
2015-05-02;125,7
2015-05-03;124,5
2015-05-04;123,9
2015-05-05;124
2015-05-06;125,2
2015-05-07;127,3
2015-05-08;129,9
2015-05-09;132,4
2015-05-10;134,8
2015-05-11;136,8
2015-05-12;138,3
2015-05-13;139,3
2015-05-14;139,8
2015-05-15;140,1
2015-05-16;139,7
2015-05-17;139,2
2015-05-18;139
2015-05-19;138,9
2015-05-20;139,2
2015-05-21;139,8
2015-05-22;141
2015-05-23;142,5
2015-05-24;144,6
2015-05-25;147,3
2015-05-26;150
2015-05-27;151,8
2015-05-28;152,7
2015-05-29;152,9
2015-05-30;152,9
2015-05-31;153,2
2015-06-01;153,8
2015-06-02;155
2015-06-03;156,7
2015-06-04;158,4
2015-06-05;159,9
2015-06-06;160,8
2015-06-07;160,9
2015-06-08;160,4
2015-06-09;159,1
2015-06-10;156,6
2015-06-11;153,2
2015-06-12;149,4
2015-06-13;145,6
2015-06-14;141,8
2015-06-15;138,7
2015-06-16;136,3
2015-06-17;134,1
2015-06-18;132,2
2015-06-19;130,7
2015-06-20;129,2
2015-06-21;127,8
2015-06-22;126,7
2015-06-23;126,2
2015-06-24;126
2015-06-25;125,9
2015-06-26;126
2015-06-27;125,8
2015-06-28;125,7
2015-06-29;125,6
2015-06-30;125,4
2015-07-01;125
2015-07-02;124,4
2015-07-03;123,8
2015-07-04;122,9
2015-07-05;121,9
2015-07-06;121
2015-07-07;120,2
2015-07-08;119,5
2015-07-09;118,7
2015-07-10;117,9
2015-07-11;117
2015-07-12;116
2015-07-13;115
2015-07-14;114,2
2015-07-15;113,5
2015-07-16;112,5
2015-07-17;111,6
2015-07-18;110,7
2015-07-19;110
2015-07-20;109,4
2015-07-21;109
2015-07-22;108,5
2015-07-23;107,9
2015-07-24;107,2
2015-07-25;106,4
2015-07-26;105,6
2015-07-27;104,9
2015-07-28;104,3
2015-07-29;104
2015-07-30;103,8
2015-07-31;103,7
2015-08-01;103,7
2015-08-02;103,8
2015-08-03;104,1
2015-08-04;104,2
2015-08-05;104,3
2015-08-06;104,2
2015-08-07;103,9
2015-08-08;103,7
2015-08-09;103,4
2015-08-10;103,2
2015-08-11;103
2015-08-12;102,7
2015-08-13;102,4
2015-08-14;102,3
2015-08-15;102,2
2015-08-16;102
2015-08-17;101,8
2015-08-18;101,8
2015-08-19;101,5
2015-08-20;101
2015-08-21;100,5
2015-08-22;99,9
2015-08-23;99,4
2015-08-24;99,1
2015-08-25;99
2015-08-26;99,1
2015-08-27;99,2
2015-08-28;99,1
2015-08-29;99
2015-08-30;98,8
2015-08-31;98,5
2015-09-01;98,3
2015-09-02;98
2015-09-03;97,7
2015-09-04;97,5
2015-09-05;97,4
2015-09-06;97,5
2015-09-07;97,9
2015-09-08;98,3
2015-09-09;98,8
2015-09-10;99
2015-09-11;99,2
2015-09-12;99,2
2015-09-13;99,2
2015-09-14;99,3
2015-09-15;99,4
2015-09-16;99,5
2015-09-17;99,6
2015-09-18;99,6
2015-09-19;99,7
2015-09-20;99,7
2015-09-21;99,7
2015-09-22;99,8
2015-09-23;99,8
2015-09-24;99,5
2015-09-25;99,2
2015-09-26;98,7
2015-09-27;98,3
2015-09-28;98
2015-09-29;97,8
2015-09-30;97,6
2015-10-01;97,4
2015-10-02;97,2
2015-10-03;96,9
2015-10-04;96,5
2015-10-05;96,2
2015-10-06;96
2015-10-07;95,7
2015-10-08;95,2
2015-10-09;94,6
2015-10-10;94
2015-10-11;93,4
2015-10-12;92,9
2015-10-13;92,7
2015-10-14;92,5
2015-10-15;92,5
2015-10-16;92,5
2015-10-17;92,5
2015-10-18;92,4
2015-10-19;92,4
2015-10-20;92,3
2015-10-21;92,2
2015-10-22;91,8
2015-10-23;91,3
2015-10-24;90,6
2015-10-25;89,9
2015-10-26;89,3
2015-10-27;88,7
2015-10-28;88,2
2015-10-29;87,7
2015-10-30;87,1
2015-10-31;86,4
2015-11-01;85,8
2015-11-02;85,2
2015-11-03;84,9
2015-11-04;84,7
2015-11-05;84,6
2015-11-06;84,5
2015-11-07;84,4
2015-11-08;84,5
2015-11-09;84,8
2015-11-10;85,3
2015-11-11;85,9
2015-11-12;86,5
2015-11-13;86,9
2015-11-14;87,3
2015-11-15;87,7
2015-11-16;88,1
2015-11-17;88,5
2015-11-18;88,8
2015-11-19;89
2015-11-20;89
2015-11-21;88,9
2015-11-22;88,8
2015-11-23;88,6
2015-11-24;88,5
2015-11-25;88,4
2015-11-26;88,4
2015-11-27;88,3
2015-11-28;88,2
2015-11-29;88,1
2015-11-30;88,1
2015-12-01;88,2
2015-12-02;88,5
2015-12-03;88,7
2015-12-04;88,8
2015-12-05;88,9
2015-12-06;88,9
2015-12-07;88,9
2015-12-08;89
2015-12-09;89,1
2015-12-10;89,2
2015-12-11;89,3
2015-12-12;89,4
2015-12-13;89,5
2015-12-14;89,5
2015-12-15;89,7
2015-12-16;89,9
2015-12-17;90,1
2015-12-18;90,3
2015-12-19;90,6
2015-12-20;91,2
2015-12-21;92
2015-12-22;93
2015-12-23;94
2015-12-24;94,8
2015-12-25;95,3
2015-12-26;95,5
2015-12-27;95,6
2015-12-28;95,7
2015-12-29;95,5
2015-12-30;94,9
2015-12-31;93,6
2016-01-01;102,5
2016-01-02;100,6
2016-01-03;99
2016-01-04;97,9
2016-01-05;97,3
2016-01-06;96,8
2016-01-07;96,4
2016-01-08;96
2016-01-09;95,7
2016-01-10;95,4
2016-01-11;95,3
2016-01-12;95,5
2016-01-13;95,7
2016-01-14;96,1
2016-01-15;96,5
2016-01-16;97,1
2016-01-17;97,8
2016-01-18;98,5
2016-01-19;99,3
2016-01-20;100
2016-01-21;100,6
2016-01-22;101,1
2016-01-23;101,4
2016-01-24;101,6
2016-01-25;101,8
2016-01-26;102
2016-01-27;102,1
2016-01-28;102,3
2016-01-29;102,3
2016-01-30;102,2
2016-01-31;102,2
2016-02-01;102,1
2016-02-02;102,2
2016-02-03;102,4
2016-02-04;102,6
2016-02-05;102,6
2016-02-06;102,7
2016-02-07;102,8
2016-02-08;103,1
2016-02-09;103,4
2016-02-10;103,6
2016-02-11;103,7
2016-02-12;103,7
2016-02-13;103,7
2016-02-14;103,7
2016-02-15;103,9
2016-02-16;104,2
2016-02-17;104,4
2016-02-18;104,5
2016-02-19;104,5
2016-02-20;104,5
2016-02-21;104,3
2016-02-22;104,2
2016-02-23;104,1
2016-02-24;103,9
2016-02-25;103,8
2016-02-26;103,4
2016-02-27;102,9
2016-02-28;102,4
2016-02-29;102,2
2016-03-01;102,2
2016-03-02;102,1
2016-03-03;102
2016-03-04;101,8
2016-03-05;101,6
2016-03-06;101,5
2016-03-07;101,6
2016-03-08;102
2016-03-09;102,6
2016-03-10;103,7
2016-03-11;105,1
2016-03-12;106,6
2016-03-13;108,2
2016-03-14;109,7
2016-03-15;111,2
2016-03-16;112,6
2016-03-17;113,8
2016-03-18;114,7
2016-03-19;115,2
2016-03-20;115,7
2016-03-21;116,4
2016-03-22;117,1
2016-03-23;117,8
2016-03-24;118,2
2016-03-25;118,3
2016-03-26;118,1
2016-03-27;117,6
2016-03-28;117,4
2016-03-29;117,3
2016-03-30;117,6
2016-03-31;118,2
2016-04-01;119,2
2016-04-02;119,8
2016-04-03;120,5
2016-04-04;121,3
2016-04-05;122,3
2016-04-06;124
2016-04-07;125,8
2016-04-08;127,5
2016-04-09;128,9
2016-04-10;130,3
2016-04-11;131,6
2016-04-12;132,6
2016-04-13;133,4
2016-04-14;134
2016-04-15;134,1
2016-04-16;134
2016-04-17;133,8
2016-04-18;133,7
2016-04-19;133,9
2016-04-20;133,8
2016-04-21;133,2
2016-04-22;132,1
2016-04-23;130,3
2016-04-24;128,2
2016-04-25;126
2016-04-26;124,2
2016-04-27;122,9
2016-04-28;122,3
2016-04-29;122,4
2016-04-30;123,4
2016-05-01;125,5
2016-05-02;128,6
2016-05-03;132,2
2016-05-04;136
2016-05-05;139,1
2016-05-06;141,1
2016-05-07;141,7
2016-05-08;141,1
2016-05-09;139,4
2016-05-10;137,2
2016-05-11;134,9
2016-05-12;132,8
2016-05-13;131,2
2016-05-14;130,2
2016-05-15;129,6
2016-05-16;129,6
2016-05-17;130,2
2016-05-18;130,8
2016-05-19;130,8
2016-05-20;130,3
2016-05-21;129,9
2016-05-22;130
2016-05-23;130,6
2016-05-24;131,4
2016-05-25;132,2
2016-05-26;132,3
2016-05-27;131,9
2016-05-28;131,1
2016-05-29;129,7
2016-05-30;128,1
2016-05-31;126,4
2016-06-01;125,5
2016-06-02;125,7
2016-06-03;127,2
2016-06-04;130,7
2016-06-05;135,2
2016-06-06;140,2
2016-06-07;144,6
2016-06-08;147,7
2016-06-09;149
2016-06-10;148,2
2016-06-11;145,8
2016-06-12;142,1
2016-06-13;138,1
2016-06-14;135,1
2016-06-15;132,7
2016-06-16;131,1
2016-06-17;130,1
2016-06-18;129,6
2016-06-19;129,7
2016-06-20;130,2
2016-06-21;131,4
2016-06-22;132,7
2016-06-23;134
2016-06-24;134,6
2016-06-25;134,8
2016-06-26;135
2016-06-27;134,8
2016-06-28;134,4
2016-06-29;133,7
2016-06-30;132,8
2016-07-01;131,9
2016-07-02;131,3
2016-07-03;131,3
2016-07-04;131,8
2016-07-05;132,8
2016-07-06;133,9
2016-07-07;134,6
2016-07-08;134,8
2016-07-09;134,9
2016-07-10;134,7
2016-07-11;134,4
2016-07-12;133,9
2016-07-13;133,3
2016-07-14;132,2
2016-07-15;131,1
2016-07-16;129,9
2016-07-17;128,8
2016-07-18;127,8
2016-07-19;127
2016-07-20;126,2
2016-07-21;125,2
2016-07-22;124
2016-07-23;122,7
2016-07-24;121,3
2016-07-25;119,9
2016-07-26;118,6
2016-07-27;117,5
2016-07-28;116,5
2016-07-29;115,5
2016-07-30;114,6
2016-07-31;113,9
2016-08-01;113,3
2016-08-02;112,9
2016-08-03;112,6
2016-08-04;112,2
2016-08-05;111,7
2016-08-06;111,3
2016-08-07;111,1
2016-08-08;110,9
2016-08-09;110,7
2016-08-10;110,6
2016-08-11;110,4
2016-08-12;110,2
2016-08-13;109,9
2016-08-14;109,6
2016-08-15;109,3
2016-08-16;109
2016-08-17;108,6
2016-08-18;107,9
2016-08-19;107,3
2016-08-20;106,7
2016-08-21;106,3
2016-08-22;106,1
2016-08-23;106
2016-08-24;106
2016-08-25;106,1
2016-08-26;106,1
2016-08-27;105,9
2016-08-28;105,6
2016-08-29;105,2
2016-08-30;104,9
2016-08-31;104,5
2016-09-01;103,8
2016-09-02;103
2016-09-03;102,1
2016-09-04;101,4
2016-09-05;100,7
2016-09-06;100,4
2016-09-07;100,4
2016-09-08;100,4
2016-09-09;100,8
2016-09-10;101,2
2016-09-11;101,5
2016-09-12;101,7
2016-09-13;101,8
2016-09-14;101,7
2016-09-15;101,4
2016-09-16;101
2016-09-17;100,7
2016-09-18;100,6
2016-09-19;100,8
2016-09-20;101,1
2016-09-21;101,5
2016-09-22;101,8
2016-09-23;101,8
2016-09-24;101,6
2016-09-25;101,3
2016-09-26;101
2016-09-27;100,7
2016-09-28;100,3
2016-09-29;100
2016-09-30;99,7
2016-10-01;99,2
2016-10-02;98,7
2016-10-03;98,5
2016-10-04;98,4
2016-10-05;98,2
2016-10-06;97,9
2016-10-07;97,5
2016-10-08;97
2016-10-09;96,7
2016-10-10;96,5
2016-10-11;96,4
2016-10-12;96,4
2016-10-13;96,4
2016-10-14;96,2
2016-10-15;96,2
2016-10-16;96,2
2016-10-17;96,3
2016-10-18;96,5
2016-10-19;96,7
2016-10-20;96,9
2016-10-21;97
2016-10-22;97,1
2016-10-23;97,1
2016-10-24;97,1
2016-10-25;97
2016-10-26;96,9
2016-10-27;96,8
2016-10-28;96,6
2016-10-29;96,4
2016-10-30;96,3
2016-10-31;96,3
2016-11-01;96,2
2016-11-02;95,8
2016-11-03;95,2
2016-11-04;94,5
2016-11-05;93,8
2016-11-06;93,2
2016-11-07;92,8
2016-11-08;92,8
2016-11-09;93
2016-11-10;93,4
2016-11-11;93,9
2016-11-12;94,2
2016-11-13;94,5
2016-11-14;94,8
2016-11-15;95
2016-11-16;95,2
2016-11-17;95,2
2016-11-18;95,4
2016-11-19;95,6
2016-11-20;95,9
2016-11-21;96,2
2016-11-22;96,6
2016-11-23;97
2016-11-24;97,3
2016-11-25;97,4
2016-11-26;97,5
2016-11-27;97,6
2016-11-28;97,8
2016-11-29;98,2
2016-11-30;98,7
2016-12-01;99,2
2016-12-02;99,7
2016-12-03;100,2
2016-12-04;100,8
2016-12-05;101,4
2016-12-06;102
2016-12-07;102,4
2016-12-08;102,9
2016-12-09;103,4
2016-12-10;103,8
2016-12-11;104,2
2016-12-12;104,6
2016-12-13;105,1
2016-12-14;105,7
2016-12-15;106,3
2016-12-16;106,8
2016-12-17;107,4
2016-12-18;108
2016-12-19;108,6
2016-12-20;109,2
2016-12-21;109,7
2016-12-22;109,9
2016-12-23;109,8
2016-12-24;109,4
2016-12-25;108,9
2016-12-26;108,4
2016-12-27;108
2016-12-28;107,4
2016-12-29;106,7
2016-12-30;105,7
2016-12-31;104,7
2017-01-01;98,6
2017-01-02;97,7
2017-01-03;97
2017-01-04;96,5
2017-01-05;96
2017-01-06;95,7
2017-01-07;95,4
2017-01-08;95
2017-01-09;94,7
2017-01-10;94,6
2017-01-11;94,6
2017-01-12;94,6
2017-01-13;94,5
2017-01-14;94,5
2017-01-15;94,7
2017-01-16;94,9
2017-01-17;95,3
2017-01-18;95,8
2017-01-19;96,3
2017-01-20;96,8
2017-01-21;97,2
2017-01-22;97,5
2017-01-23;97,7
2017-01-24;97,9
2017-01-25;97,9
2017-01-26;97,8
2017-01-27;97,5
2017-01-28;97
2017-01-29;96,5
2017-01-30;96,1
2017-01-31;95,9
2017-02-01;95,8
2017-02-02;95,5
2017-02-03;95,1
2017-02-04;94,5
2017-02-05;94
2017-02-06;93,8
2017-02-07;93,6
2017-02-08;93,6
2017-02-09;93,6
2017-02-10;93,5
2017-02-11;93,4
2017-02-12;93,3
2017-02-13;93,2
2017-02-14;93,4
2017-02-15;93,5
2017-02-16;93,5
2017-02-17;93,4
2017-02-18;93,4
2017-02-19;93,3
2017-02-20;93,4
2017-02-21;93,6
2017-02-22;93,6
2017-02-23;93,6
2017-02-24;93,4
2017-02-25;93
2017-02-26;92,6
2017-02-27;92,3
2017-02-28;92
2017-03-01;91,7
2017-03-02;91,4
2017-03-03;91,1
2017-03-04;90,9
2017-03-05;90,7
2017-03-06;90,8
2017-03-07;91,3
2017-03-08;92,1
2017-03-09;93,1
2017-03-10;94,5
2017-03-11;96,1
2017-03-12;97,8
2017-03-13;99,5
2017-03-14;101,2
2017-03-15;102,5
2017-03-16;103,5
2017-03-17;104,3
2017-03-18;104,8
2017-03-19;105,4
2017-03-20;105,8
2017-03-21;106,4
2017-03-22;107,2
2017-03-23;108,5
2017-03-24;110,2
2017-03-25;112,3
2017-03-26;114,8
2017-03-27;117,2
2017-03-28;119,4
2017-03-29;121,3
2017-03-30;122,6
2017-03-31;123,4
2017-04-01;123,8
2017-04-02;124
2017-04-03;124,3
2017-04-04;124,8
2017-04-05;125,6
2017-04-06;126,6
2017-04-07;127,8
2017-04-08;129
2017-04-09;130,3
2017-04-10;131,3
2017-04-11;132,1
2017-04-12;132,4
2017-04-13;132,2
2017-04-14;131,3
2017-04-15;130
2017-04-16;128,5
2017-04-17;127,4
2017-04-18;126,7
2017-04-19;126,5
2017-04-20;126,3
2017-04-21;125,8
2017-04-22;124,8
2017-04-23;123,5
2017-04-24;122
2017-04-25;120,4
2017-04-26;118,7
2017-04-27;116,9
2017-04-28;115
2017-04-29;113,2
2017-04-30;111,6
2017-05-01;110,6
2017-05-02;110
2017-05-03;109,6
2017-05-04;109,2
2017-05-05;108,8
2017-05-06;108,6
2017-05-07;108,5
2017-05-08;108,5
