"PERIODE";"Senti";"Sais_2015_2016";"Sais_2014_2015";"Sais_2013_2014";"Sais_2012_2013";"Sais_2011_2012";"Sais_2010_2011";"Sais_2009_2010";"Sais_2008_2009";"Loc_Reg11";"Loc_Reg21";"Loc_Reg22";"Loc_Reg23";"Loc_Reg24";"Loc_Reg25";"Loc_Reg26";"Loc_Reg31";"Loc_Reg41";"Loc_Reg42";"Loc_Reg43";"Loc_Reg52";"Loc_Reg53";"Loc_Reg54";"Loc_Reg72";"Loc_Reg73";"Loc_Reg74";"Loc_Reg82";"Loc_Reg83";"Loc_Reg91";"Loc_Reg93";"Loc_Reg94";"MIN_Saison";"MAX_Saison";"IN_Def";"IN_Temp"
"01-10-2016";NA;97,4;97,6;97,1;96,8;99,6;92,7;NA;NA;101,18;98,185;99,18;101,375;97,47;95,28;98,82;99,275;96,835;96,425;98,765;94,56;97,325;97,175;100,39;102,88;101,87;103,65;100,44;99,67;96,29;100,78;92,7;99,6;99,2;NA
"02-10-2016";NA;97,2;97,4;97;96,6;98,9;92,3;NA;NA;101,04;97,88;99,39;100,8;97,12;95,18;97,78;98,61;96,205;95,79;97,79;94,08;97,02;97,035;99,93;102,51;101,46;103,22;100,07;99,605;96,64;100,275;92,3;98,9;98,7;NA
"03-10-2016";NA;96,9;97,2;96,8;96,7;98,3;91,9;NA;NA;101,09;97,44;99,54;100,29;96,92;95,19;96,73;98,055;95,805;95,57;97,025;93,76;96,98;96,905;99,67;102,07;101,22;102,695;99,65;99,345;97,15;99,13;91,9;98,3;98,5;NA
"04-10-2016";NA;96,5;96,8;96,2;96,9;98;91,6;NA;NA;101,25;96,9;99,58;99,885;96,85;95,17;96,05;97,675;95,405;95,495;96,465;93,475;96,955;96,675;99,58;101,58;101,11;101,98;99,28;99,01;97,5;97,655;91,6;98;98,4;NA
"05-10-2016";NA;96,2;96,4;95,5;96,9;97,7;91,5;NA;NA;101,3;96,475;99,42;99,6;96,9;95,14;95,45;97,33;94,96;95,035;95,945;93,19;97,05;96,405;99,44;100,93;100,97;101,33;98,91;98,525;97,51;96,11;91,5;97,7;98,2;NA
"06-10-2016";NA;96;96,1;94,8;96,8;97,3;91,5;NA;NA;101,19;96,035;99,42;99,335;96,77;94,935;94,9;97,08;94,52;94,525;95,435;92,86;96,965;96,18;99,37;100,14;100,78;100,45;98,39;97,96;97,18;94,57;91,5;97,3;97,9;NA
"07-10-2016";NA;95,7;95,8;94,2;96,7;96,7;91,5;NA;NA;100,78;95,645;99,22;99,075;96,53;94,505;94,62;96,795;94,15;94,025;94,97;92,54;96,66;95,97;99,2;99,29;100,64;99,41;97,78;97,015;96,74;93,1;91,5;96,7;97,5;NA
"08-10-2016";NA;95,2;95,5;93,7;96,7;96;91,5;NA;NA;100,35;95,29;99,02;98,99;96,14;94,025;94,54;96,72;93,935;93,51;94,635;92,235;96,325;95,595;99;98,43;100,45;98,51;97,19;95,965;96,18;91,825;91,5;96,7;97;NA
"09-10-2016";NA;94,6;95,3;93,4;96,7;95,4;91,6;NA;NA;99,95;95,31;98,68;98,885;95,66;93,545;94,62;96,815;93,75;93,13;94,495;92,06;95,965;95,415;98,76;97,77;100,15;97,745;96,78;94,935;95,66;90,635;91,6;96,7;96,7;NA
"10-10-2016";NA;94;94,9;93,1;96,9;95;91,7;NA;NA;99,63;95,47;98,43;98,885;95,22;93,11;94,72;97,21;93,775;93,095;94,595;92,16;95,555;95,35;98,51;97,3;99,78;97,32;96,56;94,045;95,42;89,565;91,7;96,9;96,5;NA
"11-10-2016";NA;93,4;94,3;92,9;97,1;94,9;91,8;NA;NA;99,55;95,675;98,1;98,9;95,05;92,765;94,96;97,485;94,075;93,4;94,885;92,265;95,17;95,47;98,28;97,05;99,39;97,17;96,51;93,71;95,07;88,78;91,8;97,1;96,4;NA
"12-10-2016";NA;92,9;93,8;92,6;97,2;95;92;NA;NA;99,6;95,79;97,79;98,75;94,94;92,355;95,25;97,765;94,52;94,05;95,245;92,305;94,83;95,645;97,95;96,87;98,92;97,285;96,57;93,645;94,86;88,335;92;97,2;96,4;NA
"13-10-2016";NA;92,7;93,4;92,4;97,2;95,3;92,2;NA;NA;99,64;95,64;97,5;98,53;94,96;92,065;95,31;97,91;95,14;94,795;95,455;92,315;94,35;95,625;97,39;96,69;98,4;97,4;96,43;93,6;94,78;88,6;92,2;97,2;96,4;NA
"14-10-2016";NA;92,5;93,2;92,4;97,1;95,6;92,2;NA;NA;99,5;95,25;97,19;98,445;95,09;91,87;95,29;97,77;95,615;95,46;95,58;92,385;93,66;95,32;96,82;96,54;97,74;97,3;96,29;93,735;94,71;89,31;92,2;97,1;96,2;NA
"15-10-2016";NA;92,5;93,2;92,4;97,1;95,8;92;NA;NA;99,43;94,95;96,82;98,475;95,15;91,77;95,24;97,55;95,89;95,82;95,86;92,455;93,075;94,995;96,42;96,46;97,15;97,295;96,28;93,895;94,79;90,13;92;97,1;96,2;NA
"16-10-2016";NA;92,5;93,2;92,5;97,1;96;91,6;NA;NA;99,47;94,8;96,78;98,815;95,38;91,82;95,25;97,36;96,175;96,175;96,23;92,445;92,69;94,605;96,21;96,59;96,61;97,375;96,44;93,93;94,73;90,975;91,6;97,1;96,2;NA
"17-10-2016";NA;92,5;93,2;92,6;97;96,2;91,2;NA;NA;99,7;94,7;96,76;99,265;95,74;92,055;95,49;97,24;96,27;96,465;96,6;92,51;92,515;94,365;96,19;96,86;96,23;97,585;96,66;93,88;94,84;92,18;91,2;97;96,3;NA
"18-10-2016";NA;92,4;93,2;92,8;96,8;96,3;91;NA;NA;100,05;94,735;96,8;99,81;96,19;92,495;95,83;97,01;96,115;96,415;96,825;92,575;92,65;94,34;96,33;97,19;96,22;97,895;96,74;93,84;94,9;93,48;91;96,8;96,5;NA
"19-10-2016";NA;92,4;93,3;93;96,5;96,5;91;NA;NA;100,36;94,75;97,08;100,405;96,67;93,04;96,11;96,835;95,81;96,28;96,93;92,715;92,9;94,5;96,56;97,59;96,39;98,325;96,95;93,885;95,14;94,67;91;96,5;96,7;NA
"20-10-2016";NA;92,3;93,6;93,2;96,2;96,7;91,1;NA;NA;100,48;94,515;97,32;100,915;96,82;93,6;96,34;96,695;95,365;96,28;96,98;92,85;93,225;94,71;96,79;97,9;96,8;98,575;97,21;93,995;95,48;95,57;91,1;96,7;96,9;NA
"21-10-2016";NA;92,2;94;93,4;96;96,8;91,1;NA;NA;100,5;94,255;97,45;101,355;96,66;93,945;96,46;96,56;95,035;96,49;96,96;92,925;94,075;94,815;97,09;98,14;97,17;98,635;97,31;93,885;96;96,185;91,1;96,8;97;NA
"22-10-2016";NA;91,8;94,3;93,6;95,8;96,9;90,9;NA;NA;100,34;94,315;97,54;101,61;96,37;94,11;96,51;96,5;94,915;96,72;96,945;92,9;94,84;94,86;97,17;98,28;97,42;98,43;97,3;93,705;96,14;96,24;90,9;96,9;97,1;NA
"23-10-2016";NA;91,3;94,4;93,6;95,7;96,9;90,8;NA;NA;100,17;94,48;97,44;101,72;96,14;94,12;96,58;96,425;95,18;97,16;97,035;93,055;95,725;94,905;97,19;98,35;97,74;98,14;97,18;93,285;95,96;96,355;90,8;96,9;97,1;NA
"24-10-2016";NA;90,6;94,3;93,6;95,9;97;90,8;NA;NA;99,94;94,91;97,24;101,71;96,1;93,98;96,74;96,31;95,645;97,655;97,22;93,285;96,775;94,96;97,19;98,28;98,17;97,825;97,01;92,82;95,6;97,045;90,6;97;97,1;NA
"25-10-2016";NA;89,9;94;93,4;96,2;97,2;90,8;NA;NA;99,7;95,405;96,99;101,67;96,07;93,71;96,92;96,135;96,235;98,125;97,485;93,44;97,15;94,96;97,09;98,17;98,69;97,42;96,82;92,51;95,11;97,795;89,9;97,2;97;NA
"26-10-2016";NA;89,3;93,7;93,2;96,5;97,4;91;NA;NA;99,43;96,115;96,66;101,665;95,99;93,34;97,04;95,89;96,625;98,475;97,555;93,63;97,29;94,92;96,89;97,92;99,06;96,885;96,56;92,315;94,58;98,295;89,3;97,4;96,9;NA
"27-10-2016";NA;88,7;93,5;93;96,9;97,6;91;NA;NA;99,28;96,42;96,31;101,76;95,94;92,79;97,18;95,66;97,145;98,84;97,69;93,835;97,265;94,895;96,8;97,84;99,34;96,3;96,33;92,055;94,03;98,45;88,7;97,6;96,8;NA
"28-10-2016";NA;88,2;93,3;92,9;97,5;97,5;91;NA;NA;99,23;97,005;96,23;101,905;95,98;92,37;97,34;95,605;97,28;99,005;97,695;93,69;97,04;94,855;96,77;97,75;99,39;95,755;96,18;91,84;93,48;98,245;88,2;97,5;96,6;NA
"29-10-2016";NA;87,7;93;92,9;98;97;90,6;NA;NA;99,1;97,335;96,61;101,95;95,88;91,91;97,36;95,775;97,25;98,87;97,42;93,495;96,825;94,78;96,79;97,58;99,24;95,145;95,88;91,645;93,02;98,015;87,7;98;96,4;NA
"30-10-2016";NA;87,1;92,5;92,8;98,5;96,4;90;NA;NA;98,92;97,68;96,89;101,885;95,63;91,52;97,19;96,16;96,945;98,575;96,67;93,145;96,745;94,66;96,87;97,3;98,76;94,56;95,67;91,59;92,68;98,085;87,1;98,5;96,3;NA
"31-10-2016";NA;86,4;91,8;92,6;98,8;95,8;89,3;NA;NA;98,74;97,5;97,45;101,765;95,32;91,465;96,88;96,7;96,605;98,065;95,85;93,015;96,88;94,62;97,08;96,93;98,38;94,23;95,5;91,555;92,44;98,52;86,4;98,8;96,3;NA
"01-11-2016";NA;85,8;91;92,2;98,8;95,4;88,5;NA;NA;98,68;97,145;98,05;101,48;94,92;91,68;96,57;97,35;95,84;97,5;95,14;92,78;97,06;94,485;97,15;96,54;97,87;93,915;95,24;91,605;92,29;99,035;85,8;98,8;96,2;NA
"02-11-2016";NA;85,2;90,3;91,6;98,4;95;87,8;NA;NA;98,61;96,175;98,19;101,04;94,33;91,99;96,07;97,69;94,65;96,815;94,415;92,42;97,065;93,975;96,79;95,91;97,11;93,57;94,84;91,42;92,01;99,75;85,2;98,4;95,8;NA
"03-11-2016";NA;84,9;89,6;90,8;97,8;94,3;87,2;NA;NA;98,46;94,86;97,88;100,415;93,55;92,02;95,29;97,665;93,415;96,15;93,625;91,85;96,87;93,3;96,06;95,02;96,14;93,095;94,32;91,09;91,57;101,015;84,9;97,8;95,2;NA
"04-11-2016";NA;84,7;89,3;90,2;97,1;93,7;86,6;NA;NA;98,1;93,65;97,25;99,79;92,87;91,815;94,37;97,17;92,305;95,31;92,82;91,09;96,37;92,645;95,05;93,95;95,09;92,55;93,7;90,62;91,17;101,96;84,7;97,1;94,5;NA
"05-11-2016";NA;84,6;89,2;89,6;96,5;93,2;86;NA;NA;97,62;92,71;96,54;99,005;92,36;91,49;93,47;96,525;91,475;94,21;92,045;90,355;95,7;92,03;93,99;93;94,33;91,98;93;90,275;90,91;102,705;84,6;96,5;93,8;NA
"06-11-2016";NA;84,5;89,4;89,2;96,1;93;85,5;NA;NA;97,06;92,14;95,73;98,43;92,13;91,225;92,87;95,91;90,97;93,315;91,57;89,885;95,215;91,73;93,32;92,13;93,84;91,575;92,49;90,05;90,85;102,97;84,5;96,1;93,2;NA
"07-11-2016";NA;84,4;89,8;88,9;95,7;92,8;85,2;NA;NA;96,53;91,98;95,06;98,11;92,12;91,115;92,66;95,455;90,94;92,5;91,395;89,555;95,045;91,66;92,81;91,57;93,64;91,345;92,19;90,065;91,01;102,725;84,4;95,7;92,8;NA
"08-11-2016";NA;84,5;90,2;88,8;95,2;92,9;84,9;NA;NA;96,19;92,215;94,34;97,875;92,44;91,18;92,98;95,27;91,16;92;91,57;89,55;95,1;91,855;92,65;91,23;93,73;91,295;92,14;90,31;91,23;101,86;84,5;95,2;92,8;NA
"09-11-2016";NA;84,8;90,8;88,9;94,7;93,3;84,6;NA;NA;96;92,78;94,09;97,795;92,99;91,48;93,54;95,36;91,63;91,88;91,865;89,81;95,155;92,12;92,77;91,32;93,82;91,335;92,3;90,74;91,45;100,46;84,6;94,7;93;NA
"10-11-2016";NA;85,3;91,6;89,2;94;93,8;84,7;NA;NA;96,09;93,55;94,14;97,815;93,36;91,78;94,05;95,76;92,77;92,19;92,18;90,25;95,095;92,28;93,18;91,86;93,8;91,39;92,6;91,39;91,7;99,005;84,7;94;93,4;NA
"11-11-2016";NA;85,9;92,3;89,7;93,4;94,3;85,1;NA;NA;96,36;94,43;94,48;97,94;93,71;91,99;94,63;96,23;93,845;92,645;92,265;90,54;94,795;92,255;93,57;92,44;93,77;91,415;92,85;91,95;92,28;97,36;85,1;94,3;93,9;NA
"12-11-2016";NA;86,5;92,8;90,4;93;94,8;85,4;NA;NA;96,74;95,155;95,08;97,9;94;92,19;95,17;96,585;94,76;92,915;92,35;90,745;94,515;92,03;93,96;93,16;93,51;91,46;92,95;92,27;92,96;95,725;85,4;94,8;94,2;NA
"13-11-2016";NA;86,9;93,2;91,1;92,8;95,2;85,7;NA;NA;97,07;95,52;95,91;97,86;94,16;92,58;95,79;96,81;95,435;93,4;92,56;90,975;94,155;91,79;94,36;93,93;93,3;91,65;92,92;92,7;93,65;94,725;85,7;95,2;94,5;NA
"14-11-2016";NA;87,3;93,3;91,6;92,7;95,6;85,9;NA;NA;97,39;95,8;96,72;97,65;94,26;92,96;96,4;96,96;95,48;94,055;92,745;91,155;93,785;91,535;94,82;94,66;93,1;91,83;92,84;92,93;94,2;94,39;85,9;95,6;94,8;NA
"15-11-2016";NA;87,7;93,4;92;92,9;96;86,1;NA;NA;97,69;95,65;97,02;97,495;94,25;93,27;96,89;97,01;95,235;94,76;92,875;91,255;93,43;91,25;95,19;95,27;93,02;92,035;92,82;93,17;94,6;94,55;86,1;96;95;NA
"16-11-2016";NA;88,1;93,6;92,3;92,9;96,4;86,3;NA;NA;97,96;95,565;97,04;97,385;94,29;93,43;97,23;96,965;94,92;95,415;93,155;91,23;93,215;91,15;95,33;95,69;93,16;92,205;92,89;93,5;94,74;94,745;86,3;96,4;95,2;NA
"17-11-2016";NA;88,5;94;92,7;93,1;96,7;86,6;NA;NA;98,29;95,48;96,97;97,5;94,39;93,23;97,5;96,845;94,39;96,025;93,6;91,22;93,18;91,225;95,28;95,96;93,49;92,37;92,96;93,695;94,71;95,01;86,6;96,7;95,2;NA
"18-11-2016";NA;88,8;94,5;93;93,3;97;86,9;NA;NA;98,62;95,375;96,88;97,62;94,56;93,225;97,9;96,695;94,155;96,555;94,25;91,11;93,4;91,64;95,22;96,3;94,03;92,46;93,11;93,85;94,6;94,87;86,9;97;95,4;NA
"19-11-2016";NA;89;95;93,5;93,6;97,5;87,1;NA;NA;98,94;95,795;96,81;97,685;94,79;93,005;98,46;96,54;94,44;96,975;95,175;91,175;93,86;91,95;95,23;96,73;94,64;92,605;93,33;93,87;94,68;94,66;87,1;97,5;95,6;NA
"20-11-2016";NA;89;95,5;93,8;93,9;98;87,3;NA;NA;99,23;96,57;96,96;97,77;95,09;93,035;99,1;96,695;94,75;97,285;96,25;91,335;94,59;92,355;95,46;97,14;95,39;92,69;93,51;93,775;94,57;94,43;87,3;98;95,9;NA
"21-11-2016";NA;88,9;95,7;94,1;94,3;98,5;87,5;NA;NA;99,44;97,175;97,37;97,97;95,43;93,18;99,77;97,07;95,275;97,825;97,435;91,61;95,34;92,45;95,71;97,64;95,96;92,92;93,78;93,695;94,49;94,095;87,5;98,5;96,2;NA
"22-11-2016";NA;88,8;95,9;94,3;94,7;99,1;87,6;NA;NA;99,7;97,87;97,86;98,205;95,7;93,48;100,25;97,52;95,535;98,315;98,61;91,915;95,87;92,64;95,92;98,19;96,41;93,305;94,15;93,66;94,35;93,59;87,6;99,1;96,6;NA
"23-11-2016";NA;88,6;96,1;94,4;95;99,8;87,7;NA;NA;99,9;98,34;98,24;98,435;95,85;93,705;100,69;97,73;95,96;98,935;99,575;92,25;96,275;92,655;95,98;98,63;96,73;93,91;94,45;93,745;94,47;92,845;87,7;99,8;97;NA
"24-11-2016";NA;88,5;96,3;94,6;95,3;100,3;88;NA;NA;100,05;98,935;98,59;98,68;95,97;93,775;100,91;97,79;96,24;99,485;100,14;92,59;96,405;92,62;96,07;98,8;96,98;94,58;94,72;93,815;94,62;91,985;88;100,3;97,3;NA
"25-11-2016";NA;88,4;96,5;94,8;95,5;100,6;88,2;NA;NA;100,07;99,015;98,64;98,685;96,1;93,69;100,86;97,81;96,13;99,88;100,28;92,93;96,27;92,56;96,19;98,76;97,18;95,27;94,88;93,915;94,78;91,83;88,2;100,6;97,4;NA
"26-11-2016";NA;88,4;96,7;95,1;95,8;100,8;88,3;NA;NA;100,08;98,865;98,72;98,615;96,31;93,725;100,59;97,915;96,12;100,145;99,905;93,285;96,11;92,55;96,13;98,6;97,41;95,93;95,39;93,915;95,04;92,535;88,3;100,8;97,5;NA
"27-11-2016";NA;88,3;96,9;95,2;96;100,9;88,6;NA;NA;100,1;98,575;98,78;98,63;96,64;93,915;100,3;98,085;96,345;100,435;99,395;93,87;96,185;92,735;96,22;98,34;97,8;96,55;96,06;94,005;95,36;93,84;88,3;100,9;97,6;NA
"28-11-2016";NA;88,2;97,1;95,4;96,2;101;88,9;NA;NA;100,17;98,49;99;98,73;97,15;94,445;100,19;98,495;96,81;100,625;98,985;94,59;96,265;92,995;96,43;98,23;98,36;97,165;96,93;94,105;95,65;95,02;88,2;101;97,8;NA
"29-11-2016";NA;88,1;97,2;95,5;96,3;101,2;89,2;NA;NA;100,35;98,82;99,33;98,94;97,77;95,095;100,3;99,07;97,4;100,89;98,825;95,2;96,49;93,5;96,78;98,3;98,92;97,855;97,88;94,395;96,05;96,485;88,1;101,2;98,2;NA
"30-11-2016";NA;88,1;97,4;95,4;96,5;101,5;89,6;NA;NA;100,54;99,3;99,77;99,145;98,39;95,91;100,56;99,66;98,08;101,575;99,095;95,845;96,93;94;97,24;98,53;99,3;98,51;98,61;95,015;96,69;97,75;88,1;101,5;98,7;NA
"01-12-2016";NA;88,2;97,7;95,4;96,5;101,7;90,1;NA;NA;100,81;99,955;100,28;99,36;98,86;96,67;100,85;100,205;98,835;102,325;99,655;96,33;97,375;94,51;97,81;98,91;99,56;99,08;99,15;95,755;97,4;98,625;88,2;101,7;99,2;NA
"02-12-2016";NA;88,5;98,1;95,3;96,7;101,8;90,6;NA;NA;101,19;100,76;100,76;99,645;99,26;97,31;101,25;100,67;99,785;103,265;100,615;96,675;97,92;94,715;98,36;99,26;99,65;99,71;99,58;96,6;98,14;99,33;88,5;101,8;99,7;NA
"03-12-2016";NA;88,7;98,5;95,5;96,9;101,8;90,9;NA;NA;101,67;101,61;101,11;100;99,58;97,74;101,95;101,01;100,72;104,42;101,82;97,025;98,51;94,905;98,81;99,66;99,62;100,385;99,96;97,625;98,82;99,89;88,7;101,8;100,2;NA
"04-12-2016";NA;88,8;98,8;95,6;97,3;101,8;91;NA;NA;102,34;102,445;101,42;100,485;99,97;98,44;102,64;101,285;101,665;105,32;103,155;97,335;99,025;95,225;99,15;100,11;99,8;101,19;100,42;98,895;99,34;100,44;88,8;101,8;100,8;NA
"05-12-2016";NA;88,9;99;95,8;97,8;101,9;90,9;NA;NA;103,1;103,205;101,73;100,975;100,36;99,15;103,27;101,52;102,47;106,445;104,69;97,795;99,46;95,57;99,21;100,51;100,05;102,225;100,95;100,065;99,82;100,955;88,9;101,9;101,4;NA
"06-12-2016";NA;88,9;99,1;96,1;98,2;102,1;90,8;NA;NA;103,89;103,845;102,05;101,55;100,77;99,665;103,99;101,855;103,105;107,55;106,38;98,27;100,05;96,02;99,34;100,83;100,51;103,16;101,51;101,345;100,45;101,34;88,9;102,1;102;NA
"07-12-2016";NA;88,9;99,3;96,3;98,7;102,2;91;NA;NA;104,62;104,265;102,39;101,835;101,11;100,005;104,59;102,15;103,775;108,34;107,59;98,555;100,425;96,445;99,22;101,28;101,16;103,925;102,14;102,48;101,09;101,98;88,9;102,2;102,4;NA
"08-12-2016";NA;89;99,4;96,5;99;102,3;91,2;NA;NA;105,23;104,61;102,72;102,06;101,46;100,06;105,24;102,46;104,36;109,05;108,33;98,715;100,735;96,905;99,15;101,73;101,79;104,725;102,76;103,495;101,65;102,745;89;102,3;102,9;NA
"09-12-2016";NA;89,1;99,7;96,7;99,4;102,4;91,5;NA;NA;105,63;104,795;103,08;102,15;101,72;99,965;105,69;102,78;104,65;109,6;108,42;98,725;101,095;97,345;99,06;102,17;102,38;105,775;103,39;104,14;102,2;102,915;89,1;102,4;103,4;NA
"10-12-2016";NA;89,2;99,9;97;99,8;102,3;91,7;NA;NA;105,99;105,025;103,35;102,215;101,97;99,825;106,1;103,06;105,02;109,885;107,965;98,71;101,77;97,62;99,18;102,81;102,95;106,795;103,9;104,72;102,61;102,555;89,2;102,3;103,8;NA
"11-12-2016";NA;89,3;100;97,2;100,1;102,3;91,8;NA;NA;106,27;105,41;103,58;102,42;102,29;99,865;106,51;103,35;105,385;109,96;107,51;98,875;102,59;97,92;99,52;103,46;103,52;107,76;104,51;105,19;103,24;101,92;89,3;102,3;104,2;NA
"12-12-2016";NA;89,4;99,9;97,4;100,5;102,2;91,9;NA;NA;106,62;105,81;103,83;102,745;102,64;100,075;106,74;103,675;105,645;110,295;107,17;99,195;103,405;98,22;100,13;104,18;104,15;108,81;105,17;105,695;103,64;100,79;89,4;102,2;104,6;NA
"13-12-2016";NA;89,5;99,7;97,5;100,6;102,2;92;NA;NA;107,06;106,215;104,11;103,165;103,03;100,365;106,96;104,015;106,19;111,21;107,46;99,655;104,11;98,745;101,1;104,91;104,88;109,875;105,96;106,155;104,23;99,495;89,5;102,2;105,1;NA
"14-12-2016";NA;89,5;99,4;97,5;100,5;102,2;92,2;NA;NA;107,63;106,64;104,59;103,625;103,56;100,755;107,54;104,36;106,925;112,45;108,21;100,26;104,705;99,435;102,36;105,72;105,69;111,075;106,94;106,935;104,84;98,385;89,5;102,2;105,7;NA
"15-12-2016";NA;89,7;99,3;97,5;100,3;102,4;92,5;NA;NA;108,25;107,135;105,07;104,155;104,34;101,135;108,41;104,66;107,89;113,74;109,485;100,97;105,045;100,165;103,56;106,33;106,57;112,47;108,09;107,77;105,45;97,69;89,7;102,4;106,3;NA
"16-12-2016";NA;89,9;99,3;97,4;100;102,5;92,9;NA;NA;108,89;107,925;105,51;104,615;105,11;101,5;109,43;104,85;108,78;114,93;111,025;101,6;105,46;100,875;104,65;106,6;107,58;113,775;109,35;108,635;105,97;97,71;89,9;102,5;106,8;NA
"17-12-2016";NA;90,1;99,5;97,3;99,9;102,7;93,3;NA;NA;109,39;108,79;105,87;105,14;105,8;101,99;110,72;104,835;109,71;116,075;113,06;102,305;105,89;101,64;105,6;106,9;108,54;115,04;110,76;109,6;106,45;98,82;90,1;102,7;107,4;NA
"18-12-2016";NA;90,3;99,8;97,3;100,1;102,9;94;NA;NA;109,77;109,46;106,02;105,725;106,55;102,65;112,33;104,93;110,855;117,415;115,54;103,17;106,235;102,535;106,45;107,33;109,52;116,315;112,31;110,64;106,74;100,705;90,3;102,9;108;NA
"19-12-2016";NA;90,6;100,1;97,5;100,5;103,2;94,7;NA;NA;110,09;110,455;106,17;106,385;107,49;103,435;114,07;105,01;111,96;118,835;118,135;103,905;106,73;103,365;107,16;107,95;110,41;117,595;113,81;111,755;107,42;102,825;90,6;103,2;108,6;NA
"20-12-2016";NA;91,2;100,7;97,7;101,1;103,8;95,4;NA;NA;110,35;111,56;106,43;107,03;108,43;104,185;115,55;105,23;113,21;120,15;120,575;104,71;107,325;104,115;107,62;108,58;111,26;118,695;115,06;113,13;108,1;105,135;91,2;103,8;109,2;NA
"21-12-2016";NA;92;101,7;98;102;104,4;96,2;NA;NA;110,23;112,39;106,7;107,555;109,1;104,875;116,52;105,42;114,055;121,365;122,525;105,445;107,94;104,555;107,86;109,23;111,95;119,36;116,29;114,21;108,69;107,1;92;104,4;109,7;NA
"22-12-2016";NA;93;102,7;98,5;103,1;105;97;NA;NA;110,2;112,78;106,77;107,955;109,29;105,495;116,92;105,41;114,405;122,52;123,755;106,145;108,25;104,545;107,96;109,65;112,29;119,655;116,9;114,99;109,18;108,325;93;105;109,9;NA
"23-12-2016";NA;94;103,8;99,4;104,5;105,4;97,6;NA;NA;110,05;112,605;106,54;108,08;109,14;105,955;116,78;105,27;114,06;123,29;123,96;106,675;108,295;104,3;107,71;109,86;112,24;119,225;117,09;115,25;109,32;108,835;94;105,4;109,8;NA
"24-12-2016";NA;94,8;104,9;100,9;105,9;105,7;97,9;NA;NA;109,49;111,97;106,1;107,96;108,84;106,215;116,29;104,955;113,285;123,415;123,5;106,985;108,135;103,545;107,17;109,85;111,94;118,56;116,74;114,775;109,37;108,33;94,8;105,9;109,4;NA
"25-12-2016";NA;95,3;105,5;102,5;107;105,8;97,9;NA;NA;108,78;111,015;105,54;107,57;108,48;106,365;115,76;104,545;112,365;123,23;122,65;107,065;107,775;102,86;106,64;109,67;111,72;117,485;116,34;114,175;109,27;106,795;95,3;107;108,9;NA
"26-12-2016";NA;95,5;105,3;103,2;107,7;105,6;97,7;NA;NA;108,1;109,985;104,96;107,24;107,78;106,36;115,02;104,51;111,52;122,585;121,405;107,095;107,25;102,2;106,24;109,5;111,18;116,4;116,02;113,275;108,79;104,65;95,5;107,7;108,4;NA
"27-12-2016";NA;95,6;104,8;102,9;107,8;105,5;97,4;NA;NA;107,74;108,865;104,54;106,825;107,14;106,105;114,36;104,58;111;121,405;120,11;106,59;106,545;101,705;105,93;109,33;110,74;115,365;115,59;112,255;108,22;102,11;95,6;107,8;108;NA
"28-12-2016";NA;95,7;104,3;102;107,3;105;97;NA;NA;107,23;108,015;104,31;106,29;106,49;105,43;113,78;104,4;110,47;120,105;118,665;105,99;105,82;101,17;105,49;108,89;110,17;114,46;114,95;111,245;107,57;99,6;95,7;107,3;107,4;NA
"29-12-2016";NA;95,5;103,8;101,2;106,3;104,3;96,5;NA;NA;106,79;106,885;104;105,715;105,63;104,545;113;103,8;109,745;118,66;117,285;105,15;104,945;100,515;104,93;107,97;109,43;113,45;114,24;110,2;106,81;97,835;95,5;106,3;106,7;NA
"30-12-2016";NA;94,9;103,4;100,6;105,2;103,3;95,8;NA;NA;106,21;105,765;103,67;104,975;104,61;103,62;111,92;102,925;108,88;117,095;115,975;104,15;104,11;99,85;104,01;106,79;108,42;112,025;113,35;108,89;105,87;96,95;94,9;105,2;105,7;NA
"31-12-2016";NA;93,6;103,1;100,2;104,2;102;94,9;NA;NA;105,53;104,76;102,92;104,135;103,37;102,61;110,91;101,735;107,9;115,4;114,415;102,865;103,145;99,2;102,88;105,46;107,4;110,415;111,84;107,71;104,84;96,615;93,6;104,2;104,7;NA
"01-01-2017";NA;102,5;102,1;102,1;102,4;97,8;99,7;93;NA;98,18;97,93;97,8;99,105;98,59;99,85;99,6;96,71;98,91;100,095;101,485;99,885;97,99;98,775;98,58;98,49;99,14;96,485;101,43;99,195;98,87;95,72;93;102,5;98,6;NA
"02-01-2017";NA;100,6;101,8;101,5;101,6;96,8;98,7;92,1;NA;97,48;97,405;96,87;98,41;97,79;98,985;98,28;95,59;98,175;98,275;99,88;99,11;97,415;98,26;97,73;97,33;98,37;94,83;100,51;98,01;98,41;96,02;92,1;101,8;97,7;NA
"03-01-2017";NA;99;101,2;100,7;100,9;95,9;98;91,2;NA;96,9;97,055;96,04;97,735;97,23;98,16;97,2;94,89;97,58;97,065;98,675;98,71;96,94;98,12;97,09;96,41;97,91;93,48;99,81;96,97;98,06;96,53;91,2;101,2;97;NA
"04-01-2017";NA;97,9;100,5;99,7;100,1;95,2;97,6;90,5;NA;96,4;96,75;95,46;97,015;96,93;97,49;96,46;94,495;97,02;96,325;97,585;98,44;96,37;97,99;96,57;95,85;97,54;92,35;99,24;96,195;97,91;97,2;90,5;100,5;96,5;NA
"05-01-2017";NA;97,3;99,8;98,4;99,2;94,6;97,4;90,2;NA;96,07;96,535;95,03;96,26;96,56;96,83;95,78;94,235;96,54;95,77;96,625;98,21;95,715;97,78;96,07;95,54;97,2;91,375;98,58;95,755;97,93;97,81;90,2;99,8;96;NA
"06-01-2017";NA;96,8;99,1;97,2;98,2;94;97,2;90;NA;95,85;96,35;94,66;95,64;96,4;96,25;95,47;93,995;96,04;95,05;95,945;97,935;95,005;97,45;95,69;95,34;96,83;90,575;97,79;95,585;97,82;98;90;99,1;95,7;NA
"07-01-2017";NA;96,4;98,4;96,2;97,3;93,5;96,9;89,8;NA;95,55;96,17;94,28;95,095;96,15;95,725;95,26;93,73;95,815;94,03;95,045;97,5;94,195;97,09;95,4;95,15;96,36;89,895;96,84;95,65;97,69;97,86;89,8;98,4;95,4;NA
"08-01-2017";NA;96;97,9;95,2;96,6;93,1;96,7;89,5;NA;95,07;95,98;94,01;94,715;95,91;95,255;95,17;93,395;95,635;93,005;94,255;97;93,325;96,85;95,16;94,88;95,87;89,21;96,01;95,765;97,6;97,995;89,5;97,9;95;NA
"09-01-2017";NA;95,7;97,5;94,6;96,2;93;96,5;89,1;NA;94,66;95,845;93,94;94,535;95,76;94,935;95,29;93,255;95,625;92,3;93,855;96,74;92,585;96,635;94,96;94,76;95,47;88,9;95,36;96,075;97,65;98,185;89,1;97,5;94,7;NA
"10-01-2017";NA;95,4;97,4;94,2;96,1;93,1;96,6;88,9;NA;94,41;95,8;94,23;94,59;95,66;94,82;95,38;93,33;95,47;91,905;93,655;96,655;92,055;96,595;94,89;94,64;95,31;88,74;95,09;96,455;97,97;98,105;88,9;97,4;94,6;NA
"11-01-2017";NA;95,3;97,3;94;96;93,4;97,2;88,8;NA;94,25;95,74;94,5;94,895;95,57;94,895;95,33;93,455;95,335;91,775;93,56;96,575;91,72;96,73;94,89;94,45;95,3;88,775;95,09;96,77;98,49;97,58;88,8;97,3;94,6;NA
"12-01-2017";NA;95,5;97,4;93,9;96;93,8;98;88,9;NA;94,15;95,525;94,68;95,275;95,64;95,075;95,14;93,705;94,995;91,695;93,335;96,26;91,42;97,03;94,89;94,21;95,52;88,72;95,43;97,06;99,08;96,62;88,9;98;94,6;NA
"13-01-2017";NA;95,7;97,7;93,9;96,2;94,3;98,8;89,3;NA;94,08;95,365;94,79;95,5;95,7;95,24;94,98;93,97;94,69;91,345;92,94;95,945;91,195;97,505;94,85;93,88;95,94;88,665;95,91;97,185;99,49;95,95;89,3;98,8;94,5;NA
"14-01-2017";NA;96,1;98;94;96,5;94,7;99,5;89,6;NA;94,08;95,375;94,84;95,605;95,77;95,25;94,84;94,18;94,455;90,995;92,245;95,965;91,075;98,135;94,87;93,96;96,56;88,775;96,46;97,015;99,49;96,26;89,6;99,5;94,5;NA
"15-01-2017";NA;96,5;98,5;94,2;97,1;95,3;100,2;90;NA;94,21;95,575;94,82;95,665;96,1;95,415;94,84;94,435;94,285;90,825;91,63;95,975;91,225;98,865;95,03;94,11;97,29;88,83;97,05;96,72;99,52;97,12;90;100,2;94,7;NA
"16-01-2017";NA;97,1;99;94,4;97,9;95,9;101;90,4;NA;94,45;95,76;94,85;95,745;96,64;95,76;95,03;94,615;94,38;90,87;91,185;96,245;91,435;99,51;95,21;94,23;98,08;89,125;97,8;96,51;99,68;98,45;90,4;101;94,9;NA
"17-01-2017";NA;97,8;99,7;94,8;98,8;96,5;101,8;90,9;NA;94,92;95,69;95,15;95,795;97,27;96,355;95,41;95,05;94,63;91,085;91,205;96,715;91,875;100,225;95,66;94,64;98,83;89,49;98,64;96,52;100,04;100,355;90,9;101,8;95,3;NA
"18-01-2017";NA;98,5;100,6;95,2;99,7;97,2;102,6;91,5;NA;95,42;96,18;95,48;95,86;97,95;97,11;96;95,62;95,19;91,355;91,32;97,505;92,585;100,84;96,24;95,27;99,52;89,89;99,42;96,585;100,39;102,415;91,5;102,6;95,8;NA
"19-01-2017";NA;99,3;101,6;95,8;100,7;97,6;103,4;92;NA;95,96;96,985;96,11;96,02;98,68;97,87;96,67;96,335;95,72;91,535;91,705;98,36;93,4;101,28;96,86;96,01;99,98;90,23;100,09;96,885;100,55;104,06;92;103,4;96,3;NA
"20-01-2017";NA;100;102,5;96,5;101,6;97,8;104;92,5;NA;96,36;97,74;96,72;96,215;99,2;98,465;97,19;96,895;96,105;91,665;92,185;99,22;94,145;101,69;97,47;96,68;100,08;90,5;100,43;97,21;100,63;105,095;92,5;104;96,8;NA
"21-01-2017";NA;100,6;103,5;97,1;102,5;97,9;104,5;93,1;NA;96,32;98,145;97,27;96,445;99,53;98,93;97,53;97,22;96,26;91,86;92,77;99,8;94,79;102,06;98,01;97,2;99,98;90,77;100,68;97,35;100,49;105,5;93,1;104,5;97,2;NA
"22-01-2017";NA;101,1;104,5;97,7;103,5;97,8;104,9;93,7;NA;96,18;98,325;97,8;96,89;99,8;99,42;97,75;97,535;96,4;92,34;93,255;100,62;95,145;102,455;98,45;97,8;99,75;91,07;100,87;98,075;100,35;105,09;93,7;104,9;97,5;NA
"23-01-2017";NA;101,4;105,3;98,1;104,5;98;105,5;94,1;NA;96,02;98,39;98,19;97,36;99,86;99,815;97,72;97,81;96,365;92,685;93,505;101,535;95,675;103,005;98,94;98,54;99,57;91,315;101,03;99,175;100,38;103,645;94,1;105,5;97,7;NA
"24-01-2017";NA;101,6;106;98,4;105,6;98,2;106;94,3;NA;96,02;98,395;98,35;97,86;99,97;100,185;97,73;98,035;96,36;93,14;93,625;102,445;95,85;103,58;99,44;99,05;99,51;91,46;101,19;99,905;100,29;101,585;94,3;106;97,9;NA
"25-01-2017";NA;101,8;106,5;98,5;106,5;98,3;106,6;94,5;NA;96,04;98,42;98,26;98,26;99,99;100,335;97,59;98,3;96,3;93,66;93,855;103,065;95,925;104,21;99,84;99,36;99,37;91,595;101,21;100,215;100,38;99,73;94,5;106,6;97,9;NA
"26-01-2017";NA;102;107,2;98,5;107,3;98,4;107;94,6;NA;95,84;98,31;97,68;98,305;99,98;100,13;97,39;98,33;96,16;94,035;94,065;103,37;95,76;104,645;99,98;99,34;99,18;91,585;100,96;100,045;100,37;98,635;94,6;107,3;97,8;NA
"27-01-2017";NA;102,1;107,8;98,6;108;98,4;107,2;94,8;NA;95,42;98,05;97;98,1;99,85;99,74;97,12;97,855;95,995;94,485;94,265;103,21;95,345;104,93;99,86;98,93;98,89;91,425;100,45;99,065;100,09;97,675;94,8;108;97,5;NA
"28-01-2017";NA;102,3;108,2;98,5;108,6;98,4;107,3;94,8;NA;94,95;97,75;96,41;97,755;99,64;99,24;96,89;97,035;95,815;94,845;94,27;102,83;94,835;104,62;99,5;98,28;98,42;91,2;99,69;97,82;99,6;97,36;94,8;108,6;97;NA
"29-01-2017";NA;102,3;108,4;98,7;109;98,4;107,1;94,9;NA;94,54;97,595;96,05;97,31;99,32;98,845;96,74;96,14;95,68;95,07;94,19;102,325;94,28;104,07;99,03;97,61;98,05;91;98,86;96,795;99,08;97,03;94,9;109;96,5;NA
"30-01-2017";NA;102,2;108,4;99;109,3;98,5;107;94,7;NA;94,21;97,64;95,45;96,84;99,04;98,425;96,73;95,46;95,685;95,03;94,185;101,82;93,835;103,52;98,75;97,19;97,84;90,92;98,21;96,06;98,68;97,01;94,7;109,3;96,1;NA
"31-01-2017";NA;102,2;108,2;99,2;109,2;98,8;107;94,6;NA;93,99;97,82;94,87;96,425;98,82;98,11;96,76;94,845;95,84;95,06;94,39;101,485;93,71;102,87;98,55;96,81;97,72;90,89;97,74;95,62;98,6;97,275;94,6;109,2;95,9;NA
"01-02-2017";NA;102,1;108,2;99,3;108,9;99,1;107,1;94,5;NA;93,77;97,85;94,36;95,9;98,78;97,8;96,58;94,325;95,965;95,03;94,37;101,05;93,635;102,27;98,43;96,52;97,65;90,845;97,2;95,32;98,73;97,55;94,5;108,9;95,8;NA
"02-02-2017";NA;102,2;108,2;99,4;108,3;99,5;107,3;94,5;NA;93,52;97,435;93,91;95,34;98,54;97,455;96,29;93,765;96,095;94,615;94,105;100,595;93,57;101,55;98,11;96,1;97,59;90,63;96,67;94,715;99,15;97,61;94,5;108,3;95,5;NA
"03-02-2017";NA;102,4;108,4;99,5;107,7;99,8;107,6;94,6;NA;93,18;96,915;93,59;94,74;98,19;96,965;95,77;93,33;95,99;93,895;93,625;99,94;93,44;100,67;97,69;95,53;97,35;90,16;96,18;93,91;99,57;97,31;94,6;108,4;95,1;NA
"04-02-2017";NA;102,6;108,6;99,7;107,2;100;107,6;94,8;NA;92,96;96,185;93,46;94,255;97,61;96,315;95,13;92,905;95,665;93,17;92,775;99,165;93,37;99,705;96,99;94,77;96,84;89,585;95,69;93,12;100,03;96,73;94,8;108,6;94,5;NA
"05-02-2017";NA;102,6;108,6;100;107;100,2;107,5;94,7;NA;92,72;95,33;93,4;93,855;96,95;95,72;94,42;92,625;95,255;92,575;92,14;98,39;93,365;98,83;96,4;93,98;96,26;88,84;95,3;92,5;100,36;96,13;94,7;108,6;94;NA
"06-02-2017";NA;102,7;108,6;100,2;107;100,6;107,3;94,5;NA;92,46;94,73;93,37;93,775;96,46;95,41;93,85;92,615;95,03;92,29;91,745;97,75;93,48;98,41;95,86;93,25;95,73;88,115;94,98;92,275;100,93;95,955;94,5;108,6;93,8;NA
"07-02-2017";NA;102,8;108,5;100,3;107;100,9;107,1;94,3;NA;92,35;94,115;93,46;93,855;96,16;95,285;93,4;92,915;94,845;92,14;91,66;97,295;93,565;98,18;95,64;92,72;95,2;87,525;94,79;92,385;101,21;96,185;94,3;108,5;93,6;NA
"08-02-2017";NA;103,1;108,3;100,4;106,9;101,2;107;94,2;NA;92,44;93,685;93,49;93,845;95,84;95,105;93,18;93,195;94,43;91,82;91,61;96,98;93,74;98,08;95,49;92,26;94,73;87,02;94,53;92,57;101,53;96,34;94,2;108,3;93,6;NA
"09-02-2017";NA;103,4;108,3;100,5;106,7;101,6;107;94,2;NA;92,61;93,075;93,66;93,885;95,51;95,03;92,92;93,38;93,98;91,28;91,36;96,54;94,035;97,99;95,42;91,84;94,24;86,75;94,36;92,795;101,75;96,285;94,2;108,3;93,6;NA
"10-02-2017";NA;103,6;108,4;100,7;106,4;102;106,7;94,2;NA;92,73;92,75;93,62;94,13;95,08;95,08;92,69;93,365;93,32;90,485;91,18;96,035;94,1;97,895;95,26;91,41;93,86;86,655;94,12;92,965;102;96,325;94,2;108,4;93,5;NA
"11-02-2017";NA;103,7;108,5;100,9;106,4;102,4;106,2;94;NA;92,59;92,715;93,44;94,415;94,76;95,255;92,38;93,42;92,735;89,95;90,97;95,615;94,08;97,785;95,24;91,04;93,63;86,94;93,9;93,24;102,48;96,435;94;108,5;93,4;NA
"12-02-2017";NA;103,7;108,3;101,1;106,5;102,7;105,6;93,8;NA;92,37;92,84;93,42;94,875;94,48;95,54;91,99;93,55;92,165;89,45;90,86;95,35;94,115;97,795;95,45;90,82;93,67;87,52;93,89;93,34;103,23;96,725;93,8;108,3;93,3;NA
"13-02-2017";NA;103,7;108;101,4;106,6;103;105,1;93,6;NA;92,09;93,135;93,25;95,385;94,4;95,91;91,81;93,735;92;89,36;90,965;95,22;94,265;97,875;95,77;90,66;93,94;88,41;93,91;93,375;104,4;97,355;93,6;108;93,2;NA
"14-02-2017";NA;103,7;107,3;101,5;106,7;103,4;104,6;93,3;NA;91,86;93,66;93,2;95,74;94,52;96,11;91,9;93,975;92,185;89,3;91,105;95,155;94,36;98,105;96,21;90,74;94,47;89,4;94,15;93,755;106,05;98,58;93,3;107,3;93,4;NA
"15-02-2017";NA;103,9;106,5;101,6;106,7;103,8;104,5;93,3;NA;91,7;94,055;93,14;96,15;94,56;96,06;92,13;93,965;92,415;89,42;91,075;95,025;94,085;98,215;96,75;90,82;95,05;90,54;94,51;94,35;107,93;100,19;93,3;106,7;93,5;NA
"16-02-2017";NA;104,2;105,7;101,7;106,8;104;104,2;93,3;NA;91,65;93,745;92,95;96,35;94,57;95,81;92,1;93,735;92,44;89,43;90,885;94,71;93,61;98,09;97,31;91,05;95,48;91,575;94,97;95,415;109,9;102,145;93,3;106,8;93,5;NA
"17-02-2017";NA;104,4;105,1;101,8;106,9;104,1;103,9;93,5;NA;91,56;93;92,8;96,46;94,26;95,205;91,97;93,22;92,17;89,335;90,475;94,28;93,045;97,65;97,92;91,46;95,68;92,38;95,28;97,21;112,09;104,31;93,5;106,9;93,4;NA
"18-02-2017";NA;104,5;104,6;101,9;107,1;104;103,4;93,3;NA;91,55;92,23;92,58;96,11;93,93;94,41;91,9;92,66;91,93;89,28;90,1;94,015;92,52;97,425;98,41;92,03;95,8;92,995;95,5;99,53;114,1;106,33;93,3;107,1;93,4;NA
"19-02-2017";NA;104,5;103,9;102,1;107,5;104;102,9;93;NA;91,83;91,365;92,44;95,91;93,48;93,725;91,81;92,11;91,455;89,475;89,755;93,835;92,06;97,36;98,9;92,63;95,82;93,64;95,87;101,99;116,14;107,99;93;107,5;93,3;NA
"20-02-2017";NA;104,5;103,1;102,3;107,7;104;102,3;92,5;NA;92,27;90,315;92,12;95,595;93,11;93,18;91,86;91,45;91,12;89,615;89,555;93,995;91,795;97,36;99,44;93,38;95,77;94,21;96,27;104,215;118,78;108,975;92,5;107,7;93,4;NA
"21-02-2017";NA;104,3;102,2;102,4;107,7;104;101,8;92;NA;92,71;89,65;91,8;95,335;92,58;92,74;91,94;90,77;90,65;89,92;89,415;94,09;91,675;97,305;99,85;94,02;95,55;94,565;96,59;105,51;120,94;108,985;92;107,7;93,6;NA
"22-02-2017";NA;104,2;101,1;102,3;107,2;103,9;101,6;91,4;NA;92,99;89,005;91,41;94,945;92,36;92,3;91,88;90,14;90,065;90,03;89,24;94,12;91,48;97,165;99,94;94,54;95,13;94,775;96,81;106,885;122,69;107,88;91,4;107,2;93,6;NA
"23-02-2017";NA;104,1;100;102,1;106,5;103,7;101;91,2;NA;93,14;88,725;90,95;94,41;92,13;91,74;91,59;89,595;89,535;90,055;89,04;93,94;91,08;96,795;99,64;94,69;94,65;94,81;96,78;107,985;123,55;105,915;91,2;106,5;93,6;NA
"24-02-2017";NA;103,9;99;102;105,5;103,3;100,5;90,9;NA;93,33;88,64;90,47;93,695;91,84;91,075;91,13;89,07;89,14;89,73;88,78;93,61;90,735;96,2;98,99;94,75;94,17;94,6;96,41;108,425;123,65;103,4;90,9;105,5;93,4;NA
"25-02-2017";NA;103,8;98;101,9;104,6;102,8;100;90,7;NA;93,34;88,485;89,79;92,835;91,53;90,335;90,71;88,305;88,58;89;88,35;93,18;90,44;95,45;98,19;94,8;93,67;94,18;95,75;108,19;124;101,135;90,7;104,6;93;NA
"26-02-2017";NA;103,4;97,2;101,8;104;102,2;99,6;90,6;NA;93,33;88,43;89,26;92,03;91,42;89,525;90,38;87,395;88,03;88,035;87,85;92,545;90,11;94,65;97,58;94,97;93,17;93,63;95,08;107,8;124,39;99,52;90,6;104;92,6;NA
"27-02-2017";NA;102,9;96,5;101,5;103,7;101,8;99,5;90,5;NA;93,34;88,385;88,93;91,36;91,47;88,775;90,15;86,725;87,42;86,995;87,405;91,96;89,845;94,045;97,18;95,17;92,96;92,91;94,49;107,715;124,55;98,805;90,5;103,7;92,3;NA
"28-02-2017";NA;102,4;96,1;101,1;103,5;101,6;99,8;90,5;NA;93,24;88,3;88,85;91,015;91,52;88,215;89,94;86,28;86,88;86,035;87,015;91,41;89,665;93,61;96,98;95,38;92,87;92,23;93,96;109,085;124,47;98,95;90,5;103,5;92;NA
"01-03-2017";NA;102,2;95,8;100,7;103,4;101,2;100,3;90,7;NA;92,9;88,135;88,8;90,715;91,42;87,655;89,78;86,15;86,52;85,34;86,675;90,935;89,64;93,235;96,79;95,62;92,75;91,605;93,34;109,515;123,93;99,605;90,7;103,4;91,7;NA
"02-03-2017";NA;102,1;95,8;100,4;103,5;100,8;100,8;91,2;NA;92,54;87,795;88,77;90,63;91,19;87,335;89,4;86,26;86,285;84,885;86,335;90,78;89,585;92,82;96,37;95,86;92,37;91,045;92,69;110,14;123,22;100,65;91,2;103,5;91,4;NA
"03-03-2017";NA;102;96,1;100,5;103,6;100,5;101,4;91,9;NA;92,13;87,49;88,96;90,665;90,89;87,05;88,93;86,605;86,215;84,835;85,895;90,82;89,61;92,44;95,65;95,86;91,8;90,505;91,98;110,29;122,32;101,46;91,9;103,6;91,1;NA
"04-03-2017";NA;101,8;96,8;101;103,8;100,3;101,9;92,6;NA;91,79;87,54;89,15;90,975;90,53;86,99;88,41;87,28;86,415;85,075;85,495;91,03;89,555;92,145;94,85;95,52;91,22;90,11;91,28;110,365;120,93;101,8;92,6;103,8;90,9;NA
"05-03-2017";NA;101,6;97,8;102,2;104,1;100,3;102,7;93,2;NA;91,63;87,46;89,64;91,505;90,32;87,205;87,95;87,97;86,995;85,655;85,16;91,255;89,66;91,945;94,18;95,4;90,69;89,8;90,7;110,67;120,22;101,54;93,2;104,1;90,7;NA
"06-03-2017";NA;101,5;99,1;104,1;104,3;100,4;103,8;93,7;NA;91,76;87,93;90,24;92,25;90,2;87,595;87,69;88,71;87,655;86,545;85,115;91,735;89,825;92,145;93,81;95,51;90,24;89,565;90,28;110,705;120,75;100,505;93,7;104,3;90,8;NA
"07-03-2017";NA;101,6;100,4;106,5;104,4;100,7;105,1;94,3;NA;92,23;88,51;90,93;93,085;90,37;88,285;87,73;89,65;88,67;87,67;85,475;92,505;90,01;92,585;93,87;96,11;90,18;89,595;90,24;110,865;122,66;99,275;94,3;106,5;91,3;NA
"08-03-2017";NA;102;101,9;109,2;104,3;101,2;106;95;NA;93,04;89,25;91,68;94;90,91;89,22;88,12;90,52;90,04;88,85;86,13;93,305;90,325;93,265;94,19;97,25;90,69;90,155;90,59;110,875;124,81;98,515;95;109,2;92,1;NA
"09-03-2017";NA;102,6;103,5;112,1;103,9;101,9;106,7;95,6;NA;94,25;90,25;92,39;94,99;91,65;90,2;88,9;91,55;91,76;90,1;87,035;94,175;90,785;94,015;94,96;98,61;91,83;91,225;91,42;111,22;126,7;98,565;95,6;112,1;93,1;NA
"10-03-2017";NA;103,7;104,9;114,9;103,2;102,7;107,4;96,2;NA;95,79;91,32;93,09;95,885;92,69;91,205;90,17;92,65;93,57;91,635;88,435;95,11;91,465;95,02;96,32;100,16;93,47;92,715;92,62;111,67;128,56;99,88;96,2;114,9;94,5;NA
"11-03-2017";NA;105,1;105,9;117,5;102,5;103,7;108,1;96,8;NA;97,68;92,665;94,18;96,835;93,91;92,32;91,79;93,855;95,31;93,515;90,21;96,29;92,5;96,255;98,33;101,72;95,45;94,665;94,13;112,45;130,37;102,14;96,8;117,5;96,1;NA
"12-03-2017";NA;106,6;106,7;119,8;102;104,9;108,6;97,9;NA;99,82;94,355;95,44;97,885;95,41;93,61;93,45;95,065;96,985;95,69;92,16;97,9;93,765;97,84;100,82;103,76;97,65;96,895;95,97;113,445;132,23;104,795;97,9;119,8;97,8;NA
"13-03-2017";NA;108,2;107,4;121,8;101,5;106,3;109;99,4;NA;101,54;96,155;96,72;98,885;96,96;94,745;95,19;96,19;98,675;97,825;94,23;99,74;95,18;99,575;103,39;105,6;99,96;99,29;97,91;114,605;133,71;107,655;99,4;121,8;99,5;NA
"14-03-2017";NA;109,7;108,1;123,5;101,4;107,7;109,2;101,6;NA;103;97,84;98,19;99,645;98,39;95,8;96,9;97,105;100,16;99,78;95,86;101,46;96,715;101,145;105,73;107,33;102,03;101,495;99,67;115,72;134,37;110,32;101,4;123,5;101,2;NA
"15-03-2017";NA;111,2;109;125,2;101,3;109;109,4;104,2;NA;104,32;99,115;99,05;100,205;99,76;96,555;98,25;97,83;101,405;101,41;97,05;102,975;98,15;102,565;107,68;108,78;103,6;103,42;101,5;116,495;134,74;112,525;101,3;125,2;102,5;NA
"16-03-2017";NA;112,6;109,9;126,5;101,4;110;110;107,1;NA;105,25;99,955;99,82;100,72;100,86;97,025;99,13;98,48;102,21;102,485;97,65;104,05;99,5;103,655;109,07;109,95;104,67;105,305;102,99;117,355;135,09;113,67;101,4;126,5;103,5;NA
"17-03-2017";NA;113,8;110,8;127,6;101,7;110,9;111;109,9;NA;105,92;100,42;100,51;100,96;101,66;97,295;99,67;98,97;102,805;103,08;97,97;104,78;100,495;104,405;109,92;110,74;105,14;106,715;104,29;117,905;135;113,52;101,7;127,6;104,3;NA
"18-03-2017";NA;114,7;111,8;128,6;102,2;111,9;112,7;112,4;NA;106,32;100,925;101,07;101,2;102,19;97,695;99,93;99,345;103,465;103,29;98,09;105,3;101,06;105,04;110,41;111,29;105,3;107,795;105,35;118,31;134,82;112,47;102,2;128,6;104,8;NA
"19-03-2017";NA;115,2;112,5;129,1;102,9;113,2;115,1;114,3;NA;106,65;101,54;101,68;101,475;102,8;97,965;99,94;99,76;104,32;103,355;98,275;105,7;101,71;105,52;110,78;111,71;105,34;108,675;106,44;118,63;134,4;110,61;102,9;129,1;105,4;NA
"20-03-2017";NA;115,7;112,9;128,9;103,6;115,1;118,3;115,4;NA;106,74;102,44;102,35;101,775;103,6;98,38;99,95;100,11;105,41;103,715;98,47;105,925;102,285;106;110,99;112,15;105,41;109,43;107,18;118,715;134,07;108,415;103,6;128,9;105,8;NA
"21-03-2017";NA;116,4;113;128;104,4;118,2;122,1;116,2;NA;107,04;102,985;103,04;102,38;104,51;98,725;100,08;100,505;106,605;104,2;99,005;106,175;102,85;106,49;111,07;112,43;105,59;109,97;107,58;118,425;133,34;106,03;104,4;128;106,4;NA
"22-03-2017";NA;117,1;112,9;126,9;105;122,3;125,8;116,9;NA;108,09;103,58;104,07;103,315;105,54;99,315;100,7;101,225;107,99;104,74;100,215;106,89;103,665;107,235;111,56;112,89;106,01;110,615;107,88;117,865;132,34;104,015;105;126,9;107,2;NA
"23-03-2017";NA;117,8;112,7;125,6;105,4;127,4;129,1;117,1;NA;109,94;104,62;105,39;104,77;106,97;100,29;101,96;102,305;109,295;105,72;102,19;108,22;104,69;108,34;112,89;113,56;106,82;111,66;108,36;117,115;131,06;103,17;105,4;129,1;108,5;NA
"24-03-2017";NA;118,2;112,3;124,5;105,6;133,2;132,1;117,5;NA;112,4;106,035;106,85;106,42;108,75;101,565;103,76;103,8;110,775;107,145;104,83;110,205;106,015;109,9;115,01;114,55;108,03;113,17;109,13;116,395;129,82;103,175;105,6;133,2;110,2;NA
"25-03-2017";NA;118,3;111,7;124;105,9;139;134,1;117,2;NA;115,18;107,8;108,42;108,465;110,93;103,12;106,2;105,35;112,495;109,1;107,84;113,115;107,445;112,345;117,96;115,89;109,95;115,29;110,26;115,88;128,77;103,84;105,9;139;112,3;NA
"26-03-2017";NA;118,1;111,2;124,5;106,1;144,3;135;116,8;NA;118,26;110,19;110,1;110,78;113,48;104,62;108,85;106,895;114,755;111,635;110,96;116,605;109,32;115,28;121,27;117,44;111,98;118,365;112,04;115,9;127,82;104,915;106,1;144,3;114,8;NA
"27-03-2017";NA;117,6;110,6;126,1;106,3;148,7;135,2;116,1;NA;121,43;112,93;111,34;113,095;115,81;106,28;112,22;108,21;116,995;114,565;114,32;120,205;111,31;118,275;124,36;119,16;114,46;121,645;114,17;116,295;126,98;106,11;106,3;148,7;117,2;NA
"28-03-2017";NA;117,4;110,1;128,9;106,6;151,9;135,2;115,4;NA;124,16;115,105;112,7;115,195;117,94;107,965;115,46;109,59;118,815;117,465;117,255;123,495;113,085;121,035;126,87;120,57;116,72;124,92;116,3;116,865;126,65;107,37;106,6;151,9;119,4;NA
"29-03-2017";NA;117,3;109,8;131,6;107;153,6;135,1;114,6;NA;126,66;116,75;113,77;117,05;119,81;109,4;117,73;110,72;120,285;119,58;119,315;126,175;114,11;123,305;128,92;121,74;118,77;127,57;118,27;117,295;126,68;108,47;107;153,6;121,3;NA
"30-03-2017";NA;117,6;109,6;133,8;107,5;153,7;135,2;113,8;NA;128,37;117,715;114,76;118,345;121,26;110,475;119,04;111,66;121,735;121,155;120,56;128,205;114,735;124,96;130,24;122,4;120,42;129,33;119,8;117,8;126,87;109,055;107,5;153,7;122,6;NA
"31-03-2017";NA;118,2;109,6;136;108,1;152,2;135,1;113,3;NA;129,47;117,745;115,22;119,12;122,18;110,995;119,49;112,135;122,375;122,095;120,82;129,285;114,75;125,89;130,76;122,77;121,29;130,39;120,8;118,345;127,01;109,255;108,1;152,2;123,4;NA
"01-04-2017";NA;119,2;110;137,6;108,9;149,9;135,4;113,1;NA;129,82;117,215;115,57;119,335;122,83;111,365;119,24;112,49;123,04;122,685;120,23;129,73;114,45;126,325;131,17;123,03;121,69;130,9;121,28;118,77;127,03;109,145;108,9;149,9;123,8;NA
"02-04-2017";NA;119,8;110,8;138,4;109,7;147,5;136,4;113,2;NA;130,07;116,45;115,9;119,41;123,44;111,835;118,88;112,88;123,85;123,19;119,35;130,24;114,285;126,64;131,73;123,37;122,22;131,285;121,25;119,175;127,23;108,83;109,7;147,5;124;NA
"03-04-2017";NA;120,5;112,2;138,4;110,3;145,2;138,4;113,5;NA;130,24;115,755;116,3;119,45;124,12;112,64;118,43;113,425;124,345;123,245;118,405;130,995;114,62;127,475;132,81;123,79;122,58;131,595;121,23;119,605;127,33;108,655;110,3;145,2;124,3;NA
"04-04-2017";NA;121,3;114,7;137,8;110,6;142,9;141;114,1;NA;130,41;115,095;116,65;119,595;125,02;113,915;118,17;114,14;124,835;123,27;117,705;132,26;115,315;128,48;134,86;124,39;123,27;131,99;121,58;120,025;127,52;108,97;110,6;142,9;124,8;NA
"05-04-2017";NA;122,3;118,2;137,4;110,6;140,4;144,3;115,1;NA;130,59;114,755;116,94;119,935;126,13;115,415;118,15;114,99;125,215;123,265;117,385;134,09;117,125;129,93;137,97;125,55;124,61;132,695;122,59;120,56;127,67;110,225;110,6;144,3;125,6;NA
"06-04-2017";NA;124;122,3;137,3;110,5;137,6;147,5;116,7;NA;131,03;114,71;117,32;120,585;127,51;117,065;118,5;115,645;125,53;123,085;117,45;136,87;119,545;131,99;142,13;127,37;126,79;134,125;124,21;121,56;127,77;112,215;110,5;147,5;126,6;NA
"07-04-2017";NA;125,8;126,1;137,7;110,5;134,6;150,3;118,5;NA;131,44;115,055;117,55;121,475;128,67;118,21;119,26;115,995;125,64;122,66;117,925;140,15;122,145;134,75;146,61;129,6;129,44;135,955;126,32;122,59;127,82;114,675;110,5;150,3;127,8;NA
"08-04-2017";NA;127,5;129,7;138,1;110,2;131,5;152,6;120,2;NA;131,77;115,63;117,81;122,565;129,82;119,025;120,06;116,405;125,715;122,24;118,54;144;124,965;137,355;150,98;131,96;132,47;137,92;128,69;123,465;127,86;117,42;110,2;152,6;129;NA
"09-04-2017";NA;128,9;133,2;139,3;110,4;129,1;154,3;121,7;NA;132,09;116,51;118,22;123,66;131,31;119,905;121,01;117,02;126;122,045;119,26;147,965;127,815;140,445;154,73;134,9;135,75;139,9;131,29;124,415;128,02;120,26;110,4;154,3;130,3;NA
"10-04-2017";NA;130,3;136,3;141,2;111,4;127,4;155,6;122,9;NA;132,42;117,37;118,41;124,69;132,59;120,635;122,01;117,52;126,11;121,98;120,005;151,695;130,115;143,185;158,38;137,67;138,84;141,75;133,82;125,44;128,59;122,75;111,4;155,6;131,3;NA
"11-04-2017";NA;131,6;139,2;142,9;113,4;126,1;156,4;124;NA;132,54;118,325;118,61;125,295;133,51;120,925;122,81;118,045;126,675;121,985;120,63;154,485;131,42;145,56;160,44;140,06;141,31;143,1;135,89;126,47;129,74;124,43;113,4;156,4;132,1;NA
"12-04-2017";NA;132,6;142,2;144,2;116;124,9;156,5;125,2;NA;132,18;118,825;118,34;125,15;133,75;120,59;123,18;118,205;126,85;121,81;120,785;155,935;131,84;147,04;161,4;141,81;143,15;143,87;137,22;127,71;130,71;125,675;116;156,5;132,4;NA
"13-04-2017";NA;133,4;144,7;145,3;119,9;123,8;156,4;126,3;NA;131,16;118,52;117,68;124,485;133,27;119,425;123,12;117,735;126,035;121,125;120,295;156,08;131,525;147,285;161,13;142,94;143,93;144,035;137,62;128,985;132,04;127,21;119,9;156,4;132,2;NA
"14-04-2017";NA;134;147;146,2;124,8;122,6;155,6;127,6;NA;129,59;117,66;116,71;123,095;132,1;117,835;122,79;116,59;124,545;119,685;119,01;154,725;130,755;146,565;159,54;143,7;143,61;143,395;136,98;130,13;133,21;128,66;122,6;155,6;131,3;NA
"15-04-2017";NA;134,1;148,8;146,7;130,1;121,4;154,9;129,1;NA;127,65;116,315;115,05;121,35;130,31;115,865;121,96;115,11;122,635;117,58;117,39;152,825;129,395;145,3;157,81;144,24;142,58;142,48;135,61;130,94;134,05;129,455;121,4;154,9;130;NA
"16-04-2017";NA;134;150,5;146,4;135,3;120,3;154,6;130,6;NA;125,8;115,02;113,73;119,965;128,74;114,335;120,93;113,44;120,52;115,01;115,915;151,125;128,635;143,595;155,92;144,59;141,32;141,235;134,05;131,38;134,9;129,81;120,3;154,6;128,5;NA
"17-04-2017";NA;133,8;151,8;145,6;139,6;119,4;154,7;132,1;NA;124,46;113,665;112,78;119,15;127,53;113,665;119,78;112,17;118,68;112,215;114,765;149,585;128,125;141,97;154,17;145,2;139,99;139,87;132,94;131,42;135,55;129,785;119,4;154,7;127,4;NA
"18-04-2017";NA;133,7;153,2;144;143;118,7;155,2;133,9;NA;123,72;112,76;112,28;118,875;126,78;113,845;118,78;111,265;117,27;110,205;114,11;149,165;128,38;140,535;152,94;146,22;138,74;138,695;132,23;130,99;135,66;129,775;118,7;155,2;126,7;NA
"19-04-2017";NA;133,9;154,5;141,7;145,1;118;155,9;135,6;NA;123,28;112,17;112,12;118,72;126,47;114,76;117,86;110,565;116,27;108,475;113,655;148,265;128,88;139,23;151,98;147,1;137,98;137,525;131,94;130,245;135,45;129,76;118;155,9;126,5;NA
"20-04-2017";NA;133,8;155,6;139,2;146,2;117,2;156,4;137,1;NA;123,08;112,09;112,2;118,435;126,1;114,885;117,17;109,895;115,295;107,125;113,17;147,425;129,125;138,005;151,01;147,55;137,29;136,34;131,6;128,99;134,41;129,44;117,2;156,4;126,3;NA
"21-04-2017";NA;133,2;156,2;136,7;146,7;116,1;156,3;138,1;NA;122,78;111,285;112,17;117,91;125,56;114,28;116,17;109,005;114,395;105,855;112,175;146,21;128,975;136,515;149,66;147,07;136,06;135,06;130,9;127,26;132,6;128,57;116,1;156,3;125,8;NA
"22-04-2017";NA;132,1;155,6;134,5;146,8;115,2;155,3;138,4;NA;122,1;110,425;111,66;116,975;124,63;113,04;115,07;107,665;112,905;104,52;110,785;144,325;128,275;134,81;147,2;145,72;134,16;133,215;129,69;125,265;130,04;126,82;115,2;155,6;124,8;NA
"23-04-2017";NA;130,3;153,7;132,5;146,7;114,2;153;138,3;NA;121,31;109,29;110,58;115,895;123,45;111,41;113,75;106,25;111,295;103,17;109,13;141,945;127,02;132,59;144,01;143,72;131,53;131,21;128,22;122,825;127,08;124,3;114,2;153,7;123,5;NA
"24-04-2017";NA;128,2;150,4;130,3;145,8;113,4;150,1;137,9;NA;120,37;108,03;109,53;114,605;121,99;110,225;112,14;104,845;109,575;101,87;107,215;139,295;125,415;130,34;140,61;141,17;128,54;128,815;126,15;120,395;123,75;121,44;113,4;150,4;122;NA
"25-04-2017";NA;126;146,5;128,3;144,2;112,8;147,4;137,4;NA;119,5;106,85;108,22;113,285;120,46;109,15;110,83;103,625;107,935;101,02;105,26;136,605;123,995;128,19;137,46;138,53;125,7;126,31;124,01;118,42;120,82;118,805;112,8;147,4;120,4;NA
"26-04-2017";NA;124,2;142,2;126,4;142,5;112,3;144,9;136,9;NA;118,53;106,055;107,04;112,05;118,79;108,02;109,57;102,74;106,54;100,295;103,46;133,905;122,49;126,195;134,38;135,79;122,8;123,91;121,7;116,52;118,41;116,425;112,3;144,9;118,7;NA
"27-04-2017";NA;122,9;138,2;124,4;139,8;112,1;142,3;135,8;NA;117,36;105,345;106,19;110,845;116,82;106,905;108,05;102,14;105,445;99,485;101,62;131,015;120,5;124,215;131,05;132,75;119,99;121,07;119,02;114,855;116,22;114,045;112,1;142,3;116,9;NA
"28-04-2017";NA;122,3;134,8;122,8;136,8;112;139,7;134,5;NA;116,1;104,6;105,36;109,955;114,71;105,88;106,61;101,765;104,54;98,495;99,8;128,04;118,325;122,115;127,66;129,29;117,37;118,2;116,4;113,115;114,26;112,02;112;139,7;115;NA
"29-04-2017";NA;122,4;132;121,7;133,8;112,1;137,6;132,5;NA;114,75;103,795;104,84;109,225;112,81;104,955;104,79;101,52;103,825;97,395;97,91;125,385;116,28;120,16;124,17;126,08;114,94;115,57;114,03;111,31;112,71;110,785;112,1;137,6;113,2;NA
"30-04-2017";NA;123,4;129,4;121,2;131,3;112,3;135,9;129,9;NA;113,44;103,24;104,37;108,94;111,22;104,165;103,31;101,435;103,575;96,31;96,435;123,12;114,555;118,465;121;123,47;113,34;113,26;112,1;109,73;111,45;110,5;112,3;135,9;111,6;NA
"01-05-2017";NA;125,5;127,3;121,2;129,7;112,7;134,8;127;NA;112,38;102,86;104,1;108,625;110,12;103,705;102,03;101,67;103,91;95,68;95,09;121,4;113,125;117,18;118,4;121,81;112,04;111,62;110,7;108,635;110,86;111,34;112,7;134,8;110,7;NA
"02-05-2017";NA;128,6;125,7;121,6;129,5;113,4;134,3;124;NA;111,76;102,325;104,24;108,52;109,64;103,665;101,1;102,12;104,435;95,305;94,29;120,43;112,305;116,275;116,76;121,08;112;110,62;110,32;108,275;110,61;112,915;113,4;134,3;110,2;NA
"03-05-2017";NA;132,2;124,5;122,1;129,9;113,9;134,6;121,4;NA;111,21;101,825;104,57;108,25;109,45;103,53;100,42;102,335;104,725;94,855;93,645;119,81;111,92;115,505;115,68;120,86;112,03;109,84;110,44;108,2;110,49;114,655;113,9;134,6;109,8;NA
"04-05-2017";NA;136;123,9;122,6;130,6;114;135,5;119,5;NA;110,68;101,575;104,65;107,915;109,38;103,505;100,17;102,5;104,84;94,19;93,215;119,685;111,955;114,73;115,14;121,15;111,87;109,615;110,67;108,645;110,37;116,28;114;136;109,7;NA
"05-05-2017";NA;139,1;124;123,3;131,3;113,9;136,7;118,3;NA;110,55;101,55;104,36;107,79;109,5;103,69;100,31;102,71;104,93;93,77;92,87;119,8;112,22;114,005;115,26;121,85;111,86;109,825;110,71;109,495;110,64;117,625;113,9;139,1;109,8;NA
"06-05-2017";NA;141,1;125,2;123,8;132,2;114,2;137,8;117,6;NA;110,7;102,07;103,94;107,875;109,6;104,065;100,56;102,945;105,3;93,605;92,8;120,045;112,605;113,53;115,67;122,4;111,83;110,255;110,63;110,44;110,85;118,75;114,2;141,1;110,1;NA
"07-05-2017";NA;141,7;127,3;123,9;133;114,6;138,8;117,2;NA;111,17;102,465;103,82;108,175;109,75;104,595;101,28;103,43;105,865;93,42;93,125;120,445;113,145;113,265;116,19;123,13;112;110,955;110,63;111,75;111,27;119,75;114,6;141,7;110,5;NA
"08-05-2017";NA;141,1;129,9;123,5;133,3;115,3;139,9;116,9;NA;111,69;103,04;103,94;108,615;110,07;105,32;102,11;104,185;106,5;93,28;93,725;120,595;113,755;113,09;116,58;123,77;112,26;111,8;110,73;113,035;111,61;120,695;115,3;141,1;111,1;NA
"09-05-2017";NA;139,4;132,4;123;132,9;116,4;140,9;116,7;NA;112,64;103,675;104,34;109,325;110,46;105,93;103,06;105,125;107,305;93,265;94,52;120,865;114,35;113,075;116,6;124,1;112,33;112,83;110,78;114,57;112,07;121,405;116,4;140,9;111,7;NA
"10-05-2017";NA;137,2;134,8;122;131,3;117,6;141,4;116,8;NA;113,74;104,305;105,01;110,22;111,17;106,655;104,16;106,085;108,28;93,43;95,535;121,135;114,92;113,39;116,76;124,33;112,55;114,06;110,97;116,09;112,77;121,95;116,8;141,4;112,5;NA
"11-05-2017";NA;134,9;136,8;121,4;129,1;118,6;141,5;117,4;NA;114,61;104,875;105,87;111,08;112,1;107,31;105,48;106,805;109,235;94,03;96,49;121,525;115,205;114,13;117,08;124,67;113,08;115,855;111,54;117,535;113,66;122,7;117,4;141,5;113,3;NA
"12-05-2017";NA;132,8;138,3;121,5;127,3;119,6;141,4;118,1;NA;115,41;105,355;106,76;111,845;113,17;107,93;107,15;107,36;110,8;95,19;98,015;122,16;115,115;115,305;117,58;125,47;113,82;118,035;112,35;119,26;114,67;123,56;118,1;141,4;114,3;NA
"13-05-2017";NA;131,2;139,3;122,3;126;120,6;141,3;119;NA;116,09;106,095;107,79;112,61;114,08;108,49;108,91;107,735;112,09;96,765;99,54;122,775;114,545;116,57;118,33;126,26;114,7;120,92;113,34;121,205;115,83;124,565;119;141,3;115,2;NA
"14-05-2017";NA;130,2;139,8;123,9;125,1;121,7;141,2;119,9;NA;116,71;106,98;108,68;113,46;115,31;108,68;110,69;108,36;113,17;98,825;101,3;123,51;114,145;117,79;119,06;127,3;115,63;124,25;114,58;123,23;117,32;125,715;119,9;141,2;116,2;NA
"15-05-2017";NA;129,6;140,1;126,6;124,2;122,7;141;121;NA;117,32;107,925;109,5;114,3;116,43;108,99;112,51;109,06;114,085;101,23;102,915;124,05;113,735;118,8;119,78;128,47;116,57;127,89;116;125,645;119,21;126,84;121;141;117,1;NA
"16-05-2017";NA;129,6;139,7;129,8;123,2;123;141,2;122,4;NA;118,03;108,985;110,29;115,075;117,39;109,185;114,37;109,59;114,875;103,1;104,82;124,92;113,7;119,735;120,71;130,14;117,62;131,485;117,79;127,995;121,36;128,03;122,4;141,2;118,2;NA
"17-05-2017";NA;130,2;139,2;132,6;122,1;122,7;141,9;124,2;NA;118,8;110,35;110,91;115,96;118,53;109,25;116,49;110,09;115,825;104,795;106,93;126,28;114,045;120,44;121,9;131,87;118,4;135,42;119,62;129,95;123,8;129,24;122,1;141,9;119,3;NA
"18-05-2017";NA;130,8;139;134,9;120,8;121,7;143,3;126;NA;119,64;111,82;111,59;116,76;119,6;109,33;118,62;110,66;117,185;106,38;109,225;128,73;115,01;121,04;123,02;133,33;119,26;139,32;121,45;131,505;125,96;130,175;120,8;143,3;120,5;NA
"19-05-2017";NA;130,8;138,9;136,2;119,5;120,8;144,8;127,6;NA;120,59;113,165;112,35;117,535;120,51;109,665;120,72;111,115;118,785;108,255;111,885;131,185;116,665;121,84;124,07;134,48;120,22;143,255;123,34;132,24;127,51;130,8;119,5;144,8;NA;121,7
"20-05-2017";NA;130,3;139,2;136,7;118,3;121;146,3;129,6;NA;121,9;114,74;113,45;118,525;121,78;110,885;123,74;112,035;120,935;110,85;115,275;135,925;119,545;123,215;125,48;135,93;121,99;147,705;125,88;133,06;128,76;131,165;118,3;146,3;NA;123,3
"21-05-2017";NA;129,9;139,8;135,8;117,7;122,3;147,5;131,7;NA;124,3;117,52;115,21;120,335;124,31;113,535;128,48;113,74;124,5;114,465;119,755;142,845;124,715;125,76;127,84;138,26;124,88;153,655;129,9;134,02;129,91;131,565;117,7;147,5;NA;126
"22-05-2017";NA;130;141;134;117,7;124,2;148,2;133,5;NA;127,6;120,67;117,55;123,04;127,71;117,425;134,4;116,275;128,84;118,85;125,73;151,34;131,555;129,385;131,31;141,15;128,96;160,84;134,83;135,42;130,73;131,38;117,7;148,2;NA;129,7
"23-05-2017";NA;130,6;142,5;131,3;118,2;127,4;148,1;135;NA;131,61;124,815;120,69;126,22;132,26;122,28;141,59;119,51;134,31;123,94;132;160,575;139,055;133,855;134,98;144,48;134,29;168,6;140,95;136,975;131,25;131,705;118,2;148,1;NA;133,7
"24-05-2017";NA;131,4;144,6;129;118,9;132;147,9;136;NA;136,22;129,49;124,12;129,765;137,57;127,42;148,9;123,485;140,71;129,525;138,905;169,12;145,62;138,725;138,84;148,27;140,56;176,31;148,02;138,055;131,81;132,24;118,9;147,9;NA;138,2
"25-05-2017";NA;132,2;147,3;127,8;119,6;137,9;147,3;136,3;NA;140,41;134,19;127,65;132,935;142,55;131,915;155,59;127,345;146,88;134,23;145,345;174,735;150,21;143,205;141,68;151,12;146,66;183,525;155,02;138,545;131,89;133,065;119,6;147,3;NA;142,5
"26-05-2017";NA;132,3;150;127,9;120,2;144,6;146,2;135,7;NA;143,84;137,85;130,33;135,065;146,68;134,8;160,9;130,575;151,595;137,72;150,455;178,085;152,655;146,885;143,25;153,09;151,68;188,7;160,58;137,985;131,69;133,83;120,2;150;NA;145,8
"27-05-2017";NA;131,9;151,8;129,4;120,7;151,1;144,7;134,2;NA;146,67;140,815;132,41;136,76;149,97;136,52;164,65;133,295;155,345;140,29;154,405;178,92;153,565;149,75;143,67;153,97;155,83;192,585;165,51;136,83;131,75;134,435;120,7;151,8;NA;148,1
"28-05-2017";NA;131,1;152,7;131,6;121,4;156,8;143,2;132,1;NA;149;143,275;134,23;138,015;152,9;137,36;167,69;135,715;158,18;142,62;157,805;178,75;153,095;151,26;143,45;154,41;159,46;195,475;169,82;135,215;131,62;134,95;121,4;156,8;NA;149,8
"29-05-2017";NA;129,7;152,9;133,9;122,4;160,4;141,8;130,5;NA;150,6;144,81;135,54;138,765;155,09;137,08;170,03;137,68;160,76;144,155;160,55;177,005;151,385;152,37;142,49;154,65;161,81;197,225;173;133,455;131,68;135,495;122,4;160,4;NA;150,9
"30-05-2017";NA;128,1;152,9;136;124;161,6;140,5;129,9;NA;151,06;145,185;135,81;138,38;155,9;135,365;170,77;138,635;161,36;144,64;161,865;173,51;147,645;150,955;140,44;153,95;162,61;197,15;174,76;131,38;131,91;135,97;124;161,6;NA;150,7
"31-05-2017";NA;126,4;153,2;137,7;126,6;160,2;139,6;130,7;NA;150,52;144,255;134,96;137,065;155,02;132,255;169,22;138,175;160,46;142,925;161,525;167,54;142,46;148,505;137,69;151,83;161,14;195,31;174,2;128,775;131,65;136,145;126,4;160,2;NA;149,3
"01-06-2017";NA;125,5;153,8;139,4;130,3;157,2;138,6;132,7;NA;NA;NA;NA;NA;NA;NA;NA;NA;NA;NA;NA;NA;NA;NA;NA;NA;NA;NA;NA;NA;NA;NA;125,5;157,2;NA;NA
"02-06-2017";NA;125,7;155;141,2;135,3;153,5;137,1;135,4;NA;NA;NA;NA;NA;NA;NA;NA;NA;NA;NA;NA;NA;NA;NA;NA;NA;NA;NA;NA;NA;NA;NA;125,7;155;NA;NA
"03-06-2017";NA;127,2;156,7;142,6;141,4;149,7;135;138,1;NA;NA;NA;NA;NA;NA;NA;NA;NA;NA;NA;NA;NA;NA;NA;NA;NA;NA;NA;NA;NA;NA;NA;127,2;156,7;NA;NA
"04-06-2017";NA;130,7;158,4;143,6;147,8;145,6;132,5;139,7;NA;NA;NA;NA;NA;NA;NA;NA;NA;NA;NA;NA;NA;NA;NA;NA;NA;NA;NA;NA;NA;NA;NA;130,7;158,4;NA;NA
"05-06-2017";NA;135,2;159,9;144,6;152,8;142,2;129,6;139,9;NA;NA;NA;NA;NA;NA;NA;NA;NA;NA;NA;NA;NA;NA;NA;NA;NA;NA;NA;NA;NA;NA;NA;129,6;159,9;NA;NA
"06-06-2017";NA;140,2;160,8;145,4;155,8;139,1;126,6;138,7;NA;NA;NA;NA;NA;NA;NA;NA;NA;NA;NA;NA;NA;NA;NA;NA;NA;NA;NA;NA;NA;NA;NA;126,6;160,8;NA;NA
"07-06-2017";NA;144,6;160,9;145,9;157,1;136,3;124,2;136,9;NA;NA;NA;NA;NA;NA;NA;NA;NA;NA;NA;NA;NA;NA;NA;NA;NA;NA;NA;NA;NA;NA;NA;124,2;160,9;NA;NA
"08-06-2017";NA;147,7;160,4;146,6;156,8;133,7;121,9;134,5;NA;NA;NA;NA;NA;NA;NA;NA;NA;NA;NA;NA;NA;NA;NA;NA;NA;NA;NA;NA;NA;NA;NA;121,9;160,4;NA;NA
"09-06-2017";NA;149;159,1;147,4;155,9;131,4;119,8;131,9;NA;NA;NA;NA;NA;NA;NA;NA;NA;NA;NA;NA;NA;NA;NA;NA;NA;NA;NA;NA;NA;NA;NA;119,8;159,1;NA;NA
"10-06-2017";NA;148,2;156,6;148,4;154,5;129,5;118,2;129,4;NA;NA;NA;NA;NA;NA;NA;NA;NA;NA;NA;NA;NA;NA;NA;NA;NA;NA;NA;NA;NA;NA;NA;118,2;156,6;NA;NA
"11-06-2017";NA;145,8;153,2;148,6;153,1;128;117;127,5;NA;NA;NA;NA;NA;NA;NA;NA;NA;NA;NA;NA;NA;NA;NA;NA;NA;NA;NA;NA;NA;NA;NA;117;153,2;NA;NA
"12-06-2017";NA;142,1;149,4;147,9;151,7;127,1;116;126,1;NA;NA;NA;NA;NA;NA;NA;NA;NA;NA;NA;NA;NA;NA;NA;NA;NA;NA;NA;NA;NA;NA;NA;116;151,7;NA;NA
"13-06-2017";NA;138,1;145,6;146,7;150,9;126,6;115,4;125,5;NA;NA;NA;NA;NA;NA;NA;NA;NA;NA;NA;NA;NA;NA;NA;NA;NA;NA;NA;NA;NA;NA;NA;115,4;150,9;NA;NA
"14-06-2017";NA;135,1;141,8;145,4;150,5;126,3;114,8;125,3;NA;NA;NA;NA;NA;NA;NA;NA;NA;NA;NA;NA;NA;NA;NA;NA;NA;NA;NA;NA;NA;NA;NA;114,8;150,5;NA;NA
"15-06-2017";NA;132,7;138,7;144,3;150;126,2;114;125;NA;NA;NA;NA;NA;NA;NA;NA;NA;NA;NA;NA;NA;NA;NA;NA;NA;NA;NA;NA;NA;NA;NA;114;150;NA;NA
"16-06-2017";NA;131,1;136,3;143,2;149,1;126,4;113,2;124,7;NA;NA;NA;NA;NA;NA;NA;NA;NA;NA;NA;NA;NA;NA;NA;NA;NA;NA;NA;NA;NA;NA;NA;113,2;149,1;NA;NA
"17-06-2017";NA;130,1;134,1;142,2;147,6;126,6;112,7;124,1;NA;NA;NA;NA;NA;NA;NA;NA;NA;NA;NA;NA;NA;NA;NA;NA;NA;NA;NA;NA;NA;NA;NA;112,7;147,6;NA;NA
"18-06-2017";NA;129,6;132,2;141,6;145,5;127;112;123,3;NA;NA;NA;NA;NA;NA;NA;NA;NA;NA;NA;NA;NA;NA;NA;NA;NA;NA;NA;NA;NA;NA;NA;112;145,5;NA;NA
"19-06-2017";NA;129,7;130,7;140,6;142,8;127,2;111,3;122,4;NA;NA;NA;NA;NA;NA;NA;NA;NA;NA;NA;NA;NA;NA;NA;NA;NA;NA;NA;NA;NA;NA;NA;111,3;142,8;NA;NA
"20-06-2017";NA;130,2;129,2;139,4;139,4;127;110,7;121,9;NA;NA;NA;NA;NA;NA;NA;NA;NA;NA;NA;NA;NA;NA;NA;NA;NA;NA;NA;NA;NA;NA;NA;110,7;139,4;NA;NA
"21-06-2017";NA;131,4;127,8;138;135,7;126,5;110,4;121,9;NA;NA;NA;NA;NA;NA;NA;NA;NA;NA;NA;NA;NA;NA;NA;NA;NA;NA;NA;NA;NA;NA;NA;110,4;138;NA;NA
"22-06-2017";NA;132,7;126,7;136,4;132,4;125,7;110,5;122,3;NA;NA;NA;NA;NA;NA;NA;NA;NA;NA;NA;NA;NA;NA;NA;NA;NA;NA;NA;NA;NA;NA;NA;110,5;136,4;NA;NA
"23-06-2017";NA;134;126,2;134,6;129,9;124,8;110,8;123,2;NA;NA;NA;NA;NA;NA;NA;NA;NA;NA;NA;NA;NA;NA;NA;NA;NA;NA;NA;NA;NA;NA;NA;110,8;134,6;NA;NA
"24-06-2017";NA;134,6;126;133;128,7;123,8;111,3;124,1;NA;NA;NA;NA;NA;NA;NA;NA;NA;NA;NA;NA;NA;NA;NA;NA;NA;NA;NA;NA;NA;NA;NA;111,3;134,6;NA;NA
"25-06-2017";NA;134,8;125,9;131;128,5;123,2;111,8;125;NA;NA;NA;NA;NA;NA;NA;NA;NA;NA;NA;NA;NA;NA;NA;NA;NA;NA;NA;NA;NA;NA;NA;111,8;134,8;NA;NA
"26-06-2017";NA;135;126;128,8;128,9;122,9;112,4;125,7;NA;NA;NA;NA;NA;NA;NA;NA;NA;NA;NA;NA;NA;NA;NA;NA;NA;NA;NA;NA;NA;NA;NA;112,4;135;NA;NA
"27-06-2017";NA;134,8;125,8;126,4;129,3;122,7;113,2;126,3;NA;NA;NA;NA;NA;NA;NA;NA;NA;NA;NA;NA;NA;NA;NA;NA;NA;NA;NA;NA;NA;NA;NA;113,2;134,8;NA;NA
"28-06-2017";NA;134,4;125,7;124,3;129,3;122,4;114;126,5;NA;NA;NA;NA;NA;NA;NA;NA;NA;NA;NA;NA;NA;NA;NA;NA;NA;NA;NA;NA;NA;NA;NA;114;134,4;NA;NA
"29-06-2017";NA;133,7;125,6;122,7;128,9;122,1;114,8;126,5;NA;NA;NA;NA;NA;NA;NA;NA;NA;NA;NA;NA;NA;NA;NA;NA;NA;NA;NA;NA;NA;NA;NA;114,8;133,7;NA;NA
"30-06-2017";NA;132,8;125,4;121,7;128,4;121,9;115,2;126,5;NA;NA;NA;NA;NA;NA;NA;NA;NA;NA;NA;NA;NA;NA;NA;NA;NA;NA;NA;NA;NA;NA;NA;115,2;132,8;NA;NA
"01-07-2017";NA;131,9;125;121,4;128;121,7;115,3;126;NA;NA;NA;NA;NA;NA;NA;NA;NA;NA;NA;NA;NA;NA;NA;NA;NA;NA;NA;NA;NA;NA;NA;115,3;131,9;NA;NA
"02-07-2017";NA;131,3;124,4;121,3;128;121,7;115,2;125,2;NA;NA;NA;NA;NA;NA;NA;NA;NA;NA;NA;NA;NA;NA;NA;NA;NA;NA;NA;NA;NA;NA;NA;115,2;131,3;NA;NA
"03-07-2017";NA;131,3;123,8;121,3;128,3;121,8;115;123,8;NA;NA;NA;NA;NA;NA;NA;NA;NA;NA;NA;NA;NA;NA;NA;NA;NA;NA;NA;NA;NA;NA;NA;115;131,3;NA;NA
"04-07-2017";NA;131,8;122,9;120,9;129,1;121,7;115;122,7;NA;NA;NA;NA;NA;NA;NA;NA;NA;NA;NA;NA;NA;NA;NA;NA;NA;NA;NA;NA;NA;NA;NA;115;131,8;NA;NA
"05-07-2017";NA;132,8;121,9;120,2;129,8;121,4;114,8;121,5;NA;NA;NA;NA;NA;NA;NA;NA;NA;NA;NA;NA;NA;NA;NA;NA;NA;NA;NA;NA;NA;NA;NA;114,8;132,8;NA;NA
"06-07-2017";NA;133,9;121;119,2;130,7;120,6;114,5;120,6;NA;NA;NA;NA;NA;NA;NA;NA;NA;NA;NA;NA;NA;NA;NA;NA;NA;NA;NA;NA;NA;NA;NA;114,5;133,9;NA;NA
"07-07-2017";NA;134,6;120,2;118;131,6;119,5;113,6;119,4;NA;NA;NA;NA;NA;NA;NA;NA;NA;NA;NA;NA;NA;NA;NA;NA;NA;NA;NA;NA;NA;NA;NA;113,6;134,6;NA;NA
"08-07-2017";NA;134,8;119,5;116,8;132,7;118,4;112,5;118,2;NA;NA;NA;NA;NA;NA;NA;NA;NA;NA;NA;NA;NA;NA;NA;NA;NA;NA;NA;NA;NA;NA;NA;112,5;134,8;NA;NA
"09-07-2017";NA;134,9;118,7;115,8;133,6;117,4;111,4;116,9;NA;NA;NA;NA;NA;NA;NA;NA;NA;NA;NA;NA;NA;NA;NA;NA;NA;NA;NA;NA;NA;NA;NA;111,4;134,9;NA;NA
"10-07-2017";NA;134,7;117,9;114,8;134,3;116,4;110,4;115,5;NA;NA;NA;NA;NA;NA;NA;NA;NA;NA;NA;NA;NA;NA;NA;NA;NA;NA;NA;NA;NA;NA;NA;110,4;134,7;NA;NA
"11-07-2017";NA;134,4;117;114,1;134,4;115,4;109,7;114;NA;NA;NA;NA;NA;NA;NA;NA;NA;NA;NA;NA;NA;NA;NA;NA;NA;NA;NA;NA;NA;NA;NA;109,7;134,4;NA;NA
"12-07-2017";NA;133,9;116;113,8;133,8;114,6;109,1;112,6;NA;NA;NA;NA;NA;NA;NA;NA;NA;NA;NA;NA;NA;NA;NA;NA;NA;NA;NA;NA;NA;NA;NA;109,1;133,9;NA;NA
"13-07-2017";NA;133,3;115;113,9;132,7;113,9;108,4;111,4;NA;NA;NA;NA;NA;NA;NA;NA;NA;NA;NA;NA;NA;NA;NA;NA;NA;NA;NA;NA;NA;NA;NA;108,4;133,3;NA;NA
"14-07-2017";NA;132,2;114,2;114,5;131,3;113,4;107,5;110,2;NA;NA;NA;NA;NA;NA;NA;NA;NA;NA;NA;NA;NA;NA;NA;NA;NA;NA;NA;NA;NA;NA;NA;107,5;132,2;NA;NA
"15-07-2017";NA;131,1;113,5;115,4;130,1;113;106,3;109,2;NA;NA;NA;NA;NA;NA;NA;NA;NA;NA;NA;NA;NA;NA;NA;NA;NA;NA;NA;NA;NA;NA;NA;106,3;131,1;NA;NA
"16-07-2017";NA;129,9;112,5;116,1;128,8;112,9;105;108,2;NA;NA;NA;NA;NA;NA;NA;NA;NA;NA;NA;NA;NA;NA;NA;NA;NA;NA;NA;NA;NA;NA;NA;105;129,9;NA;NA
"17-07-2017";NA;128,8;111,6;116,6;127,5;113,1;103,8;107,2;NA;NA;NA;NA;NA;NA;NA;NA;NA;NA;NA;NA;NA;NA;NA;NA;NA;NA;NA;NA;NA;NA;NA;103,8;128,8;NA;NA
"18-07-2017";NA;127,8;110,7;116,7;125,9;113,3;102,7;106,3;NA;NA;NA;NA;NA;NA;NA;NA;NA;NA;NA;NA;NA;NA;NA;NA;NA;NA;NA;NA;NA;NA;NA;102,7;127,8;NA;NA
"19-07-2017";NA;127;110;116,5;124,1;113,5;101,9;105,5;NA;NA;NA;NA;NA;NA;NA;NA;NA;NA;NA;NA;NA;NA;NA;NA;NA;NA;NA;NA;NA;NA;NA;101,9;127;NA;NA
"20-07-2017";NA;126,2;109,4;116,1;122,2;113,7;101,3;104,8;NA;NA;NA;NA;NA;NA;NA;NA;NA;NA;NA;NA;NA;NA;NA;NA;NA;NA;NA;NA;NA;NA;NA;101,3;126,2;NA;NA
"21-07-2017";NA;125,2;109;115,7;120,4;114,1;100,7;104;NA;NA;NA;NA;NA;NA;NA;NA;NA;NA;NA;NA;NA;NA;NA;NA;NA;NA;NA;NA;NA;NA;NA;100,7;125,2;NA;NA
"22-07-2017";NA;124;108,5;115,2;119;114,5;100,4;103,1;NA;NA;NA;NA;NA;NA;NA;NA;NA;NA;NA;NA;NA;NA;NA;NA;NA;NA;NA;NA;NA;NA;NA;100,4;124;NA;NA
"23-07-2017";NA;122,7;107,9;114,8;118;115;100,3;102;NA;NA;NA;NA;NA;NA;NA;NA;NA;NA;NA;NA;NA;NA;NA;NA;NA;NA;NA;NA;NA;NA;NA;100,3;122,7;NA;NA
"24-07-2017";NA;121,3;107,2;114,2;117,1;115,4;100,2;100,9;NA;NA;NA;NA;NA;NA;NA;NA;NA;NA;NA;NA;NA;NA;NA;NA;NA;NA;NA;NA;NA;NA;NA;100,2;121,3;NA;NA
"25-07-2017";NA;119,9;106,4;113,5;115,8;115,6;100,2;99,9;NA;NA;NA;NA;NA;NA;NA;NA;NA;NA;NA;NA;NA;NA;NA;NA;NA;NA;NA;NA;NA;NA;NA;99,9;119,9;NA;NA
"26-07-2017";NA;118,6;105,6;112,8;114,4;115,5;100,3;99,2;NA;NA;NA;NA;NA;NA;NA;NA;NA;NA;NA;NA;NA;NA;NA;NA;NA;NA;NA;NA;NA;NA;NA;99,2;118,6;NA;NA
"27-07-2017";NA;117,5;104,9;112,2;113;114,8;100,5;98,9;NA;NA;NA;NA;NA;NA;NA;NA;NA;NA;NA;NA;NA;NA;NA;NA;NA;NA;NA;NA;NA;NA;NA;98,9;117,5;NA;NA
"28-07-2017";NA;116,5;104,3;111,8;111,9;113,9;100,7;98,7;NA;NA;NA;NA;NA;NA;NA;NA;NA;NA;NA;NA;NA;NA;NA;NA;NA;NA;NA;NA;NA;NA;NA;98,7;116,5;NA;NA
"29-07-2017";NA;115,5;104;111,6;111;113;101;98,4;NA;NA;NA;NA;NA;NA;NA;NA;NA;NA;NA;NA;NA;NA;NA;NA;NA;NA;NA;NA;NA;NA;NA;98,4;115,5;NA;NA
"30-07-2017";NA;114,6;103,8;111,3;110,5;112;101,2;98,2;NA;NA;NA;NA;NA;NA;NA;NA;NA;NA;NA;NA;NA;NA;NA;NA;NA;NA;NA;NA;NA;NA;NA;98,2;114,6;NA;NA
"31-07-2017";NA;113,9;103,7;111;110,2;111,2;101,6;97,9;NA;NA;NA;NA;NA;NA;NA;NA;NA;NA;NA;NA;NA;NA;NA;NA;NA;NA;NA;NA;NA;NA;NA;97,9;113,9;NA;NA
"01-08-2017";NA;113,3;103,7;110,6;110;110,5;101,9;97,6;NA;NA;NA;NA;NA;NA;NA;NA;NA;NA;NA;NA;NA;NA;NA;NA;NA;NA;NA;NA;NA;NA;NA;97,6;113,3;NA;NA
"02-08-2017";NA;112,9;103,8;110,1;109,8;109,7;102,1;97,5;NA;NA;NA;NA;NA;NA;NA;NA;NA;NA;NA;NA;NA;NA;NA;NA;NA;NA;NA;NA;NA;NA;NA;97,5;112,9;NA;NA
"03-08-2017";NA;112,6;104,1;109,6;109,6;108,9;102,1;97,4;NA;NA;NA;NA;NA;NA;NA;NA;NA;NA;NA;NA;NA;NA;NA;NA;NA;NA;NA;NA;NA;NA;NA;97,4;112,6;NA;NA
"04-08-2017";NA;112,2;104,2;109,2;109,3;108,2;101,8;97,4;NA;NA;NA;NA;NA;NA;NA;NA;NA;NA;NA;NA;NA;NA;NA;NA;NA;NA;NA;NA;NA;NA;NA;97,4;112,2;NA;NA
"05-08-2017";NA;111,7;104,3;108,7;109;107,6;101,2;97,3;NA;NA;NA;NA;NA;NA;NA;NA;NA;NA;NA;NA;NA;NA;NA;NA;NA;NA;NA;NA;NA;NA;NA;97,3;111,7;NA;NA
"06-08-2017";NA;111,3;104,2;108,1;108,5;107,2;100,5;96,9;NA;NA;NA;NA;NA;NA;NA;NA;NA;NA;NA;NA;NA;NA;NA;NA;NA;NA;NA;NA;NA;NA;NA;96,9;111,3;NA;NA
"07-08-2017";NA;111,1;103,9;107,4;107,9;106,9;99,7;96,5;NA;NA;NA;NA;NA;NA;NA;NA;NA;NA;NA;NA;NA;NA;NA;NA;NA;NA;NA;NA;NA;NA;NA;96,5;111,1;NA;NA
"08-08-2017";NA;110,9;103,7;106,7;107;106,6;99,2;96,2;NA;NA;NA;NA;NA;NA;NA;NA;NA;NA;NA;NA;NA;NA;NA;NA;NA;NA;NA;NA;NA;NA;NA;96,2;110,9;NA;NA
"09-08-2017";NA;110,7;103,4;106;106;106,5;98,9;95,9;NA;NA;NA;NA;NA;NA;NA;NA;NA;NA;NA;NA;NA;NA;NA;NA;NA;NA;NA;NA;NA;NA;NA;95,9;110,7;NA;NA
"10-08-2017";NA;110,6;103,2;105,4;105,5;106,5;98,7;95,6;NA;NA;NA;NA;NA;NA;NA;NA;NA;NA;NA;NA;NA;NA;NA;NA;NA;NA;NA;NA;NA;NA;NA;95,6;110,6;NA;NA
"11-08-2017";NA;110,4;103;104,8;105,2;106,6;98,5;95,4;NA;NA;NA;NA;NA;NA;NA;NA;NA;NA;NA;NA;NA;NA;NA;NA;NA;NA;NA;NA;NA;NA;NA;95,4;110,4;NA;NA
"12-08-2017";NA;110,2;102,7;104,5;105,3;106,7;98,5;95;NA;NA;NA;NA;NA;NA;NA;NA;NA;NA;NA;NA;NA;NA;NA;NA;NA;NA;NA;NA;NA;NA;NA;95;110,2;NA;NA
"13-08-2017";NA;109,9;102,4;104,2;105,5;106,8;98,3;94,6;NA;NA;NA;NA;NA;NA;NA;NA;NA;NA;NA;NA;NA;NA;NA;NA;NA;NA;NA;NA;NA;NA;NA;94,6;109,9;NA;NA
"14-08-2017";NA;109,6;102,3;103,9;105,4;107;98,2;94,1;NA;NA;NA;NA;NA;NA;NA;NA;NA;NA;NA;NA;NA;NA;NA;NA;NA;NA;NA;NA;NA;NA;NA;94,1;109,6;NA;NA
"15-08-2017";NA;109,3;102,2;103,6;105,2;107,2;98,2;93,6;NA;NA;NA;NA;NA;NA;NA;NA;NA;NA;NA;NA;NA;NA;NA;NA;NA;NA;NA;NA;NA;NA;NA;93,6;109,3;NA;NA
"16-08-2017";NA;109;102;103,3;104,8;107,2;98,4;93,3;NA;NA;NA;NA;NA;NA;NA;NA;NA;NA;NA;NA;NA;NA;NA;NA;NA;NA;NA;NA;NA;NA;NA;93,3;109;NA;NA
"17-08-2017";NA;108,6;101,8;102,9;104,2;106,9;98,7;93,3;NA;NA;NA;NA;NA;NA;NA;NA;NA;NA;NA;NA;NA;NA;NA;NA;NA;NA;NA;NA;NA;NA;NA;93,3;108,6;NA;NA
"18-08-2017";NA;107,9;101,8;102,7;103,6;106,4;98,8;93,5;NA;NA;NA;NA;NA;NA;NA;NA;NA;NA;NA;NA;NA;NA;NA;NA;NA;NA;NA;NA;NA;NA;NA;93,5;107,9;NA;NA
"19-08-2017";NA;107,3;101,5;102,6;103,1;105,8;98,7;93,6;NA;NA;NA;NA;NA;NA;NA;NA;NA;NA;NA;NA;NA;NA;NA;NA;NA;NA;NA;NA;NA;NA;NA;93,6;107,3;NA;NA
"20-08-2017";NA;106,7;101;102,5;102,7;105,2;98,5;93,8;NA;NA;NA;NA;NA;NA;NA;NA;NA;NA;NA;NA;NA;NA;NA;NA;NA;NA;NA;NA;NA;NA;NA;93,8;106,7;NA;NA
"21-08-2017";NA;106,3;100,5;102,3;102,2;104,7;98,1;93,9;NA;NA;NA;NA;NA;NA;NA;NA;NA;NA;NA;NA;NA;NA;NA;NA;NA;NA;NA;NA;NA;NA;NA;93,9;106,3;NA;NA
"22-08-2017";NA;106,1;99,9;101,9;101,6;104,1;97,8;94;NA;NA;NA;NA;NA;NA;NA;NA;NA;NA;NA;NA;NA;NA;NA;NA;NA;NA;NA;NA;NA;NA;NA;94;106,1;NA;NA
"23-08-2017";NA;106;99,4;101,4;101,1;103,6;97,3;94,3;NA;NA;NA;NA;NA;NA;NA;NA;NA;NA;NA;NA;NA;NA;NA;NA;NA;NA;NA;NA;NA;NA;NA;94,3;106;NA;NA
"24-08-2017";NA;106;99,1;101;100,6;103;97,1;94,5;NA;NA;NA;NA;NA;NA;NA;NA;NA;NA;NA;NA;NA;NA;NA;NA;NA;NA;NA;NA;NA;NA;NA;94,5;106;NA;NA
"25-08-2017";NA;106,1;99;100,5;100,1;102,3;96,8;94,6;NA;NA;NA;NA;NA;NA;NA;NA;NA;NA;NA;NA;NA;NA;NA;NA;NA;NA;NA;NA;NA;NA;NA;94,6;106,1;NA;NA
"26-08-2017";NA;106,1;99,1;100,4;99,8;101,5;96,7;94,7;NA;NA;NA;NA;NA;NA;NA;NA;NA;NA;NA;NA;NA;NA;NA;NA;NA;NA;NA;NA;NA;NA;NA;94,7;106,1;NA;NA
"27-08-2017";NA;105,9;99,2;100,4;99,6;101;96,3;94,8;NA;NA;NA;NA;NA;NA;NA;NA;NA;NA;NA;NA;NA;NA;NA;NA;NA;NA;NA;NA;NA;NA;NA;94,8;105,9;NA;NA
"28-08-2017";NA;105,6;99,1;100,5;99,5;100,6;96,2;94,7;NA;NA;NA;NA;NA;NA;NA;NA;NA;NA;NA;NA;NA;NA;NA;NA;NA;NA;NA;NA;NA;NA;NA;94,7;105,6;NA;NA
"29-08-2017";NA;105,2;99;100,5;99,5;100,3;96,1;94,6;NA;NA;NA;NA;NA;NA;NA;NA;NA;NA;NA;NA;NA;NA;NA;NA;NA;NA;NA;NA;NA;NA;NA;94,6;105,2;NA;NA
"30-08-2017";NA;104,9;98,8;100,5;99,6;100;96,1;94,5;NA;NA;NA;NA;NA;NA;NA;NA;NA;NA;NA;NA;NA;NA;NA;NA;NA;NA;NA;NA;NA;NA;NA;94,5;104,9;NA;NA
"31-08-2017";NA;104,5;98,5;100,5;99,5;99,6;95,9;94,6;NA;NA;NA;NA;NA;NA;NA;NA;NA;NA;NA;NA;NA;NA;NA;NA;NA;NA;NA;NA;NA;NA;NA;94,6;104,5;NA;NA
"01-09-2017";NA;103,8;98,3;100,4;99,4;99;95,7;94,6;NA;NA;NA;NA;NA;NA;NA;NA;NA;NA;NA;NA;NA;NA;NA;NA;NA;NA;NA;NA;NA;NA;NA;94,6;103,8;NA;NA
"02-09-2017";NA;103;98;100,4;99,3;98,5;95,3;94,5;NA;NA;NA;NA;NA;NA;NA;NA;NA;NA;NA;NA;NA;NA;NA;NA;NA;NA;NA;NA;NA;NA;NA;94,5;103;NA;NA
"03-09-2017";NA;102,1;97,7;100,3;99,2;98,3;94,7;94,2;NA;NA;NA;NA;NA;NA;NA;NA;NA;NA;NA;NA;NA;NA;NA;NA;NA;NA;NA;NA;NA;NA;NA;94,2;102,1;NA;NA
"04-09-2017";NA;101,4;97,5;100,1;98,9;98,2;94;93,9;NA;NA;NA;NA;NA;NA;NA;NA;NA;NA;NA;NA;NA;NA;NA;NA;NA;NA;NA;NA;NA;NA;NA;93,9;101,4;NA;NA
"05-09-2017";NA;100,7;97,4;100;98,5;98,2;93,6;93,4;NA;NA;NA;NA;NA;NA;NA;NA;NA;NA;NA;NA;NA;NA;NA;NA;NA;NA;NA;NA;NA;NA;NA;93,4;100,7;NA;NA
"06-09-2017";NA;100,4;97,5;99,9;98,1;98,3;93,5;93;NA;NA;NA;NA;NA;NA;NA;NA;NA;NA;NA;NA;NA;NA;NA;NA;NA;NA;NA;NA;NA;NA;NA;93;100,4;NA;NA
"07-09-2017";NA;100,4;97,9;100;97,6;98,3;93,6;92,8;NA;NA;NA;NA;NA;NA;NA;NA;NA;NA;NA;NA;NA;NA;NA;NA;NA;NA;NA;NA;NA;NA;NA;92,8;100,4;NA;NA
"08-09-2017";NA;100,4;98,3;100,2;97,3;98,3;93,7;92,9;NA;NA;NA;NA;NA;NA;NA;NA;NA;NA;NA;NA;NA;NA;NA;NA;NA;NA;NA;NA;NA;NA;NA;92,9;100,4;NA;NA
"09-09-2017";NA;100,8;98,8;100,7;97,1;98,4;94;93,3;NA;NA;NA;NA;NA;NA;NA;NA;NA;NA;NA;NA;NA;NA;NA;NA;NA;NA;NA;NA;NA;NA;NA;93,3;100,8;NA;NA
"10-09-2017";NA;101,2;99;101,1;97,1;98,7;94,3;93,8;NA;NA;NA;NA;NA;NA;NA;NA;NA;NA;NA;NA;NA;NA;NA;NA;NA;NA;NA;NA;NA;NA;NA;93,8;101,2;NA;NA
"11-09-2017";NA;101,5;99,2;101,5;97,3;99,1;95;94,4;NA;NA;NA;NA;NA;NA;NA;NA;NA;NA;NA;NA;NA;NA;NA;NA;NA;NA;NA;NA;NA;NA;NA;94,4;101,5;NA;NA
"12-09-2017";NA;101,7;99,2;102;97,5;99,5;95,7;95;NA;NA;NA;NA;NA;NA;NA;NA;NA;NA;NA;NA;NA;NA;NA;NA;NA;NA;NA;NA;NA;NA;NA;95;102;NA;NA
"13-09-2017";NA;101,8;99,2;102,2;97,9;100;96,5;95,8;NA;NA;NA;NA;NA;NA;NA;NA;NA;NA;NA;NA;NA;NA;NA;NA;NA;NA;NA;NA;NA;NA;NA;95,8;102,2;NA;NA
"14-09-2017";NA;101,7;99,3;102,4;98,2;100,5;97,2;96,5;NA;NA;NA;NA;NA;NA;NA;NA;NA;NA;NA;NA;NA;NA;NA;NA;NA;NA;NA;NA;NA;NA;NA;96,5;102,4;NA;NA
"15-09-2017";NA;101,4;99,4;102,5;98,7;101;98;97,3;NA;NA;NA;NA;NA;NA;NA;NA;NA;NA;NA;NA;NA;NA;NA;NA;NA;NA;NA;NA;NA;NA;NA;97,3;102,5;NA;NA
"16-09-2017";NA;101;99,5;102,4;99,1;101,5;98,8;97,8;NA;NA;NA;NA;NA;NA;NA;NA;NA;NA;NA;NA;NA;NA;NA;NA;NA;NA;NA;NA;NA;NA;NA;97,8;102,4;NA;NA
"17-09-2017";NA;100,7;99,6;102,2;99,5;102,1;99,4;98;NA;NA;NA;NA;NA;NA;NA;NA;NA;NA;NA;NA;NA;NA;NA;NA;NA;NA;NA;NA;NA;NA;NA;98;102,2;NA;NA
"18-09-2017";NA;100,6;99,6;101,9;100;102,6;100;98,3;NA;NA;NA;NA;NA;NA;NA;NA;NA;NA;NA;NA;NA;NA;NA;NA;NA;NA;NA;NA;NA;NA;NA;98,3;102,6;NA;NA
"19-09-2017";NA;100,8;99,7;101,4;100,4;103;100,7;98,5;NA;NA;NA;NA;NA;NA;NA;NA;NA;NA;NA;NA;NA;NA;NA;NA;NA;NA;NA;NA;NA;NA;NA;98,5;103;NA;NA
"20-09-2017";NA;101,1;99,7;101;100,8;103,1;101,4;98,6;NA;NA;NA;NA;NA;NA;NA;NA;NA;NA;NA;NA;NA;NA;NA;NA;NA;NA;NA;NA;NA;NA;NA;98,6;103,1;NA;NA
"21-09-2017";NA;101,5;99,7;100,5;101;102,9;102;98,7;NA;NA;NA;NA;NA;NA;NA;NA;NA;NA;NA;NA;NA;NA;NA;NA;NA;NA;NA;NA;NA;NA;NA;98,7;102,9;NA;NA
"22-09-2017";NA;101,8;99,8;100,2;101;102,2;102,5;98,5;NA;NA;NA;NA;NA;NA;NA;NA;NA;NA;NA;NA;NA;NA;NA;NA;NA;NA;NA;NA;NA;NA;NA;98,5;102,5;NA;NA
"23-09-2017";NA;101,8;99,8;100;101;101,5;102,7;98;NA;NA;NA;NA;NA;NA;NA;NA;NA;NA;NA;NA;NA;NA;NA;NA;NA;NA;NA;NA;NA;NA;NA;98;102,7;NA;NA
"24-09-2017";NA;101,6;99,5;99,8;100,8;100,7;102,7;97,3;NA;NA;NA;NA;NA;NA;NA;NA;NA;NA;NA;NA;NA;NA;NA;NA;NA;NA;NA;NA;NA;NA;NA;97,3;102,7;NA;NA
"25-09-2017";NA;101,3;99,2;99,6;100,5;100;102,4;96,1;NA;NA;NA;NA;NA;NA;NA;NA;NA;NA;NA;NA;NA;NA;NA;NA;NA;NA;NA;NA;NA;NA;NA;96,1;102,4;NA;NA
"26-09-2017";NA;101;98,7;99,3;99,9;99,3;102,1;95;NA;NA;NA;NA;NA;NA;NA;NA;NA;NA;NA;NA;NA;NA;NA;NA;NA;NA;NA;NA;NA;NA;NA;95;102,1;NA;NA
"27-09-2017";NA;100,7;98,3;98,9;99,2;98,7;101,7;94,2;NA;NA;NA;NA;NA;NA;NA;NA;NA;NA;NA;NA;NA;NA;NA;NA;NA;NA;NA;NA;NA;NA;NA;94,2;101,7;NA;NA
"28-09-2017";NA;100,3;98;98,5;98,5;98,1;101,3;93,6;NA;NA;NA;NA;NA;NA;NA;NA;NA;NA;NA;NA;NA;NA;NA;NA;NA;NA;NA;NA;NA;NA;NA;93,6;101,3;NA;NA
"29-09-2017";NA;100;97,8;98,1;97,9;97,5;100,9;93,2;NA;NA;NA;NA;NA;NA;NA;NA;NA;NA;NA;NA;NA;NA;NA;NA;NA;NA;NA;NA;NA;NA;NA;93,2;100,9;NA;NA
"30-09-2017";NA;99,7;97,6;97,8;97,4;97;100,3;92,9;NA;NA;NA;NA;NA;NA;NA;NA;NA;NA;NA;NA;NA;NA;NA;NA;NA;NA;NA;NA;NA;NA;NA;92,9;100,3;NA;NA
